-- email table
insert into email (email) values ('ysheldon0@exblog.jp');
insert into email (email) values ('dramsier1@miitbeian.gov.cn');
insert into email (email) values ('rmosey2@nydailynews.com');
insert into email (email) values ('aoliddy3@multiply.com');
insert into email (email) values ('ckrienke4@army.mil');
insert into email (email) values ('umellows5@microsoft.com');
insert into email (email) values ('istych6@wiley.com');
insert into email (email) values ('vsmetoun7@marketwatch.com');
insert into email (email) values ('mgores8@mit.edu');
insert into email (email) values ('soldridge9@moonfruit.com');
insert into email (email) values ('aivachyova@state.gov');
insert into email (email) values ('jfalkusb@booking.com');
insert into email (email) values ('atrigwellc@sciencedirect.com');
insert into email (email) values ('whaigd@slashdot.org');
insert into email (email) values ('kcescoe@addtoany.com');
insert into email (email) values ('jclaringboldf@google.ru');
insert into email (email) values ('zgilleyg@unblog.fr');
insert into email (email) values ('ctallish@ftc.gov');
insert into email (email) values ('ppoylei@ezinearticles.com');
insert into email (email) values ('redessj@google.de');
insert into email (email) values ('umichelek@prlog.org');
insert into email (email) values ('ttruelockl@spiegel.de');
insert into email (email) values ('abaxstairm@123-reg.co.uk');
insert into email (email) values ('sscullyn@redcross.org');
insert into email (email) values ('rmandrakeo@time.com');
insert into email (email) values ('tmassiep@engadget.com');
insert into email (email) values ('fcaslaneq@reverbnation.com');
insert into email (email) values ('nchartersr@theglobeandmail.com');
insert into email (email) values ('pnewberys@exblog.jp');
insert into email (email) values ('cpizziet@wunderground.com');
insert into email (email) values ('lsiaskowskiu@va.gov');
insert into email (email) values ('bivankovicv@marketwatch.com');
insert into email (email) values ('jemtagew@list-manage.com');
insert into email (email) values ('mdanilyukx@sun.com');
insert into email (email) values ('jstickneyy@addtoany.com');
insert into email (email) values ('lscarbarrowz@usnews.com');
insert into email (email) values ('efould10@intel.com');
insert into email (email) values ('mlodevick11@squidoo.com');
insert into email (email) values ('gnormadell12@jiathis.com');
insert into email (email) values ('jcommucci13@pcworld.com');
insert into email (email) values ('jtrenam14@google.com.au');
insert into email (email) values ('lmaving15@army.mil');
insert into email (email) values ('rcranage16@ifeng.com');
insert into email (email) values ('mvoden17@jalbum.net');
insert into email (email) values ('hpogosian18@blinklist.com');
insert into email (email) values ('psongust19@pinterest.com');
insert into email (email) values ('sdougary1a@foxnews.com');
insert into email (email) values ('lgerman1b@ucsd.edu');
insert into email (email) values ('wcathrae1c@bloglovin.com');
insert into email (email) values ('mbrundale1d@hud.gov');
insert into email (email) values ('hbakhrushin1e@twitter.com');
insert into email (email) values ('kspittles1f@etsy.com');
insert into email (email) values ('nrodrigo1g@printfriendly.com');
insert into email (email) values ('kcheeke1h@zdnet.com');
insert into email (email) values ('jlemaitre1i@g.co');
insert into email (email) values ('eshefton1j@macromedia.com');
insert into email (email) values ('vmaplethorpe1k@sourceforge.net');
insert into email (email) values ('ctee1l@xrea.com');
insert into email (email) values ('flukins1m@springer.com');
insert into email (email) values ('eshattock1n@eventbrite.com');
insert into email (email) values ('gvanleijs1o@eepurl.com');
insert into email (email) values ('mboni1p@bloglovin.com');
insert into email (email) values ('cdohrmann1q@squarespace.com');
insert into email (email) values ('mokenny1r@istockphoto.com');
insert into email (email) values ('cmilam1s@ustream.tv');
insert into email (email) values ('dbenting1t@t.co');
insert into email (email) values ('dbrower1u@google.cn');
insert into email (email) values ('jnewey1v@studiopress.com');
insert into email (email) values ('ocallaby1w@php.net');
insert into email (email) values ('mkarslake1x@ftc.gov');
insert into email (email) values ('kcarden1y@bigcartel.com');
insert into email (email) values ('yronchka1z@house.gov');
insert into email (email) values ('rzelake20@a8.net');
insert into email (email) values ('gplait21@comsenz.com');
insert into email (email) values ('ggravie22@histats.com');
insert into email (email) values ('ddussy23@netvibes.com');
insert into email (email) values ('dkenwell24@narod.ru');
insert into email (email) values ('kscholler25@bizjournals.com');
insert into email (email) values ('lfavelle26@columbia.edu');
insert into email (email) values ('npiken27@google.ru');
insert into email (email) values ('svarden28@simplemachines.org');
insert into email (email) values ('ebrimming29@cbslocal.com');
insert into email (email) values ('jleversuch2a@shop-pro.jp');
insert into email (email) values ('bwiggett2b@ebay.co.uk');
insert into email (email) values ('aferens2c@ow.ly');
insert into email (email) values ('jcerith2d@hud.gov');
insert into email (email) values ('lzima2e@google.es');
insert into email (email) values ('nbentall2f@apache.org');
insert into email (email) values ('sconkay2g@exblog.jp');
insert into email (email) values ('jvenney2h@dmoz.org');
insert into email (email) values ('igraveston2i@arstechnica.com');
insert into email (email) values ('chowat2j@archive.org');
insert into email (email) values ('akinver2k@youku.com');
insert into email (email) values ('nelmore2l@sina.com.cn');
insert into email (email) values ('vwalduck2m@unblog.fr');
insert into email (email) values ('haizikov2n@phpbb.com');
insert into email (email) values ('cellsom2o@altervista.org');
insert into email (email) values ('atebald2p@opensource.org');
insert into email (email) values ('dmizen2q@chronoengine.com');
insert into email (email) values ('msainsbury2r@chron.com');

-- instrument table
insert into instrument (name, brand, price) values ('guitar', 'Yamaha', 40);
insert into instrument (name, brand, price) values ('Violin', 'Gibson', 50);
insert into instrument (name, brand, price) values ('Cello', 'M. P. Moller', 30);
insert into instrument (name, brand, price) values ('Harp', 'Celestion', 45);
insert into instrument (name, brand, price) values ('Veena', 'Sennheiser', 70);
insert into instrument (name, brand, price) values ('Sitar', 'Kawai', 60);
insert into instrument (name, brand, price) values ('Viola', 'Shure', 80);
insert into instrument (name, brand, price) values ('accordion', 'Fender', 90);
insert into instrument (name, brand, price) values ('acoustic guitar', 'Pioneer', 99);
insert into instrument (name, brand, price) values ('bagpipes', 'Hammerax', 30);
insert into instrument (name, brand, price) values ('banjo', 'Fodera', 40);
insert into instrument (name, brand, price) values ('bass guitar', 'Getzen', 80);
insert into instrument (name, brand, price) values ('bongo drums', 'Gretsch', 70);
insert into instrument (name, brand, price) values ('bugle', 'Gulbransen', 60);
insert into instrument (name, brand, price) values ('clarinet', 'Remo', 50);
insert into instrument (name, brand, price) values ('cymbals', 'Shubb', 35);
insert into instrument (name, brand, price) values ('drums', 'Squier', 75);
insert into instrument (name, brand, price) values ('electric guitar', 'Vivi-Tone', 55);
insert into instrument (name, brand, price) values ('flute', 'Kilgen', 33);
insert into instrument (name, brand, price) values ('French horn', 'North Drums', 44);
insert into instrument (name, brand, price) values ('harmonica', 'Mason & Hamlin', 28);
insert into instrument (name, brand, price) values ('harp', 'Noble & Cooley', 40);
insert into instrument (name, brand, price) values ('keyboard', 'Marchione Guitars', 55);
insert into instrument (name, brand, price) values ('maracas', 'Luis and Clark', 80);
insert into instrument (name, brand, price) values ('organ', 'Ludwig Drums', 20);
insert into instrument (name, brand, price) values ('pan flute', 'Lowrey organ', 30);
insert into instrument (name, brand, price) values ('piano', 'Lollar Pickups', 45);
insert into instrument (name, brand, price) values ('recorder', 'A. Laubin', 60);
insert into instrument (name, brand, price) values ('saxophone', 'King Conga', 70);
insert into instrument (name, brand, price) values ('sitar', 'Johnson Organs', 60);
insert into instrument (name, brand, price) values ('tambourine', 'John Brombaugh', 40);
insert into instrument (name, brand, price) values ('triangle', 'Brannen Brothers', 50);
insert into instrument (name, brand, price) values ('trombone', 'C.G. Conn', 95);
insert into instrument (name, brand, price) values ('trumpet', 'Conn-Selmer', 80);
insert into instrument (name, brand, price) values ('tuba', 'E. A. Couturier', 70);
insert into instrument (name, brand, price) values ('ukulele', 'Craviotto drums', 30);
insert into instrument (name, brand, price) values ('xylophone', 'Crescent Cymbals', 20);
insert into instrument (name, brand, price) values ('bassoon', 'E. K. Blessing', 30);
insert into instrument (name, brand, price) values ('didgeridoo', 'Epiphone', 40);
insert into instrument (name, brand, price) values ('mandolin', 'Fibes Drums', 50);
insert into instrument (name, brand, price) values ('guitar', 'Epiphone', 77);
insert into instrument (name, brand, price) values ('guitar', 'Kilgen', 88);
insert into instrument (name, brand, price) values ('guitar', 'Vivi-Tone', 56);
-- person table
-- person of student start here
insert into person (person_number, first_name, last_name, street, zip, city) values ('1901-07-05-3986', 'Steward', 'Hundell', 'Delladonna', '48726', 'Eadestown');
insert into person (person_number, first_name, last_name, street, zip, city) values ('1975-03-06-3773', 'Giustino', 'Sherry', 'Sachtjen', '61963', 'Santa Lucia');
insert into person (person_number, first_name, last_name, street, zip, city) values ('1922-07-05-9614', 'Jere', 'Gerault', 'Miller', '33874', 'San Borja');
insert into person (person_number, first_name, last_name, street, zip, city) values ('1957-04-02-0680', 'Chev', 'Woolliams', 'Kim', '66461', 'Outapi');
insert into person (person_number, first_name, last_name, street, zip, city) values ('1989-01-03-4186', 'Corette', 'Varden', 'Schiller', '04638', 'Dashiju');
insert into person (person_number, first_name, last_name, street, zip, city) values ('1927-02-01-9513', 'Trescha', 'Clitsome', 'Forest Dale', '72435', 'Bromma');
insert into person (person_number, first_name, last_name, street, zip, city) values ('1976-08-02-0615', 'Eugenius', 'Ruos', 'Straubel', '26677', 'Lindong');
insert into person (person_number, first_name, last_name, street, zip, city) values ('1966-04-02-0355', 'Bastien', 'Sidnell', 'Tomscot', '30479', 'Stockholm');
insert into person (person_number, first_name, last_name, street, zip, city) values ('1933-09-08-6779', 'Allie', 'Dyble', 'Shasta', '11031', 'General Lavalle');
insert into person (person_number, first_name, last_name, street, zip, city) values ('1905-07-05-7600', 'Wheeler', 'Riep', 'Jana', '45121', 'Dungloe');
insert into person (person_number, first_name, last_name, street, zip, city) values ('1983-03-03-7020', 'Edmund', 'Louca', 'Coleman', '54138', 'Tanggulangin');
insert into person (person_number, first_name, last_name, street, zip, city) values ('1939-06-04-6908', 'Tabor', 'Brickstock', 'Dorton', '00828', 'Chuzhou');
insert into person (person_number, first_name, last_name, street, zip, city) values ('1907-08-08-4355', 'Todd', 'McKea', 'Myrtle', '53152', 'Sexmoan');
insert into person (person_number, first_name, last_name, street, zip, city) values ('1986-04-04-9200', 'Auberta', 'Fader', 'Pennsylvania', '00106', 'Panganiban');
insert into person (person_number, first_name, last_name, street, zip, city) values ('1966-06-00-9453', 'Frans', 'Fruen', 'Tennyson', '37809', 'Vacha');
insert into person (person_number, first_name, last_name, street, zip, city) values ('1988-00-03-4929', 'Joseph', 'Trowsdale', 'Troy', '50774', 'Kävlinge');
insert into person (person_number, first_name, last_name, street, zip, city) values ('1940-06-02-6234', 'Kacie', 'Ramstead', 'Westridge', '95084', 'Budapest');
insert into person (person_number, first_name, last_name, street, zip, city) values ('1984-05-04-0281', 'Eimile', 'Aldwinckle', 'Vera', '96735', 'Lai Cách');
insert into person (person_number, first_name, last_name, street, zip, city) values ('1978-01-09-4017', 'Gizela', 'Moulds', 'Miller', '17524', 'Chofugaoka');
insert into person (person_number, first_name, last_name, street, zip, city) values ('1938-02-07-6605', 'Kelly', 'Kyston', 'Spenser', '10250', 'Hualfín');
insert into person (person_number, first_name, last_name, street, zip, city) values ('1913-02-03-2820', 'Ashley', 'Blasi', 'Fieldstone', '53216', 'Oke Ila');
insert into person (person_number, first_name, last_name, street, zip, city) values ('1908-05-02-8667', 'Stanleigh', 'Cowden', 'Reindahl', '29455', 'Nazrēt');
insert into person (person_number, first_name, last_name, street, zip, city) values ('1934-04-04-6163', 'Roxane', 'Hagstone', 'Anzinger', '51665', 'Radzyń Chełmiński');
insert into person (person_number, first_name, last_name, street, zip, city) values ('1914-04-01-1894', 'Wat', 'Lantiffe', 'Delaware', '26390', 'Sansanné-Mango');
insert into person (person_number, first_name, last_name, street, zip, city) values ('1945-01-09-0496', 'Sherrie', 'Rames', 'Susan', '60346', 'Maicao');
insert into person (person_number, first_name, last_name, street, zip, city) values ('1985-05-07-0578', 'Shanda', 'Botha', 'Merry', '09899', 'Tulsa');
insert into person (person_number, first_name, last_name, street, zip, city) values ('1915-08-07-6975', 'Cristabel', 'Kimber', 'Pawling', '57142', 'Zgornje Bitnje');
insert into person (person_number, first_name, last_name, street, zip, city) values ('1995-01-03-0087', 'Eldin', 'Abrashkov', 'Bonner', '81057', 'Terra Chã');
insert into person (person_number, first_name, last_name, street, zip, city) values ('1959-04-09-4164', 'Marlo', 'Billanie', 'Scoville', '77842', 'Phichit');
insert into person (person_number, first_name, last_name, street, zip, city) values ('1975-05-07-5217', 'Duke', 'Arp', 'Macpherson', '17711', 'Iwakuni');
insert into person (person_number, first_name, last_name, street, zip, city) values ('1901-05-00-1330', 'Allistir', 'Chippindale', 'Lighthouse Bay', '72426', 'Cancela');
insert into person (person_number, first_name, last_name, street, zip, city) values ('1982-03-00-7410', 'Mortie', 'Itzig', 'Novick', '19964', 'Arcos');
insert into person (person_number, first_name, last_name, street, zip, city) values ('1906-07-08-2473', 'Koral', 'Linwood', 'Fuller', '30681', 'Hedao');
insert into person (person_number, first_name, last_name, street, zip, city) values ('1933-08-05-5391', 'Oren', 'Lavrinov', 'Grayhawk', '63669', 'Neglasari');
insert into person (person_number, first_name, last_name, street, zip, city) values ('1957-04-01-6366', 'Ferris', 'McCunn', 'Kim', '90749', 'Novaya Derevnya');
insert into person (person_number, first_name, last_name, street, zip, city) values ('1932-08-06-6029', 'Marci', 'Maruszewski', 'Dawn', '44313', 'Baugo');
insert into person (person_number, first_name, last_name, street, zip, city) values ('1910-08-01-8951', 'Vidovik', 'Moodie', 'Starling', '65869', 'Presidente Venceslau');
insert into person (person_number, first_name, last_name, street, zip, city) values ('1992-04-03-2451', 'Ebony', 'Neville', 'Northland', '78410', 'Beaung Tengah');
insert into person (person_number, first_name, last_name, street, zip, city) values ('1983-05-07-8159', 'Toddie', 'Wharlton', 'Forest Dale', '72003', 'Parakanpanjang');
insert into person (person_number, first_name, last_name, street, zip, city) values ('1908-02-05-5591', 'Maisey', 'Cersey', 'Artisan', '44296', 'Calinaoan Malasin');
insert into person (person_number, first_name, last_name, street, zip, city) values ('1918-06-07-5958', 'Duky', 'Tolworth', 'Chive', '62046', 'Shushicë');
insert into person (person_number, first_name, last_name, street, zip, city) values ('1992-07-08-6524', 'Cirstoforo', 'Aldwick', 'Muir', '92568', 'Tuamese');
insert into person (person_number, first_name, last_name, street, zip, city) values ('1983-02-03-3386', 'Beverlee', 'Skechley', 'Calypso', '59695', 'Mengcheng Chengguanzhen');
insert into person (person_number, first_name, last_name, street, zip, city) values ('1909-06-04-6793', 'Beatrice', 'Ganter', 'Mayfield', '90496', 'Aíyira');
insert into person (person_number, first_name, last_name, street, zip, city) values ('1932-03-04-7800', 'Lanny', 'Dominicacci', 'Basil', '05684', 'Shah Alam');
insert into person (person_number, first_name, last_name, street, zip, city) values ('1979-09-07-2178', 'Honey', 'Delooze', 'Ridgeview', '22274', 'Seynod');
insert into person (person_number, first_name, last_name, street, zip, city) values ('1905-08-07-2756', 'Cherey', 'Emmerson', 'Burrows', '32234', 'Den Haag');
insert into person (person_number, first_name, last_name, street, zip, city) values ('1911-01-09-5088', 'Alonzo', 'Vanichev', 'Dennis', '58554', 'Mamburao');
insert into person (person_number, first_name, last_name, street, zip, city) values ('1974-09-08-1152', 'Ezmeralda', 'McCowen', 'Jana', '68991', 'Ylöjärvi');
insert into person (person_number, first_name, last_name, street, zip, city) values ('1933-09-04-4380', 'Winny', 'Hlavac', 'Mesta', '60787', 'Pakel');
insert into person (person_number, first_name, last_name, street, zip, city) values ('1983-09-01-1696', 'Esta', 'Landa', 'Carey', '65334', 'Kamru');
insert into person (person_number, first_name, last_name, street, zip, city) values ('1912-02-05-6302', 'Bel', 'Bulle', 'Namekagon', '79529', 'Berlin');
insert into person (person_number, first_name, last_name, street, zip, city) values ('1944-04-02-0823', 'Nance', 'Hayselden', 'Gulseth', '27058', 'Nhơn Trạch');
insert into person (person_number, first_name, last_name, street, zip, city) values ('1930-01-00-8993', 'Gradeigh', 'Sidden', 'Express', '21645', 'Halmstad');
insert into person (person_number, first_name, last_name, street, zip, city) values ('1967-03-06-3535', 'Gasparo', 'Govan', 'Washington', '43873', 'Toamasina');
insert into person (person_number, first_name, last_name, street, zip, city) values ('1917-06-08-1803', 'Wain', 'Plumbe', 'Comanche', '51930', 'Carvalhal Redondo');
insert into person (person_number, first_name, last_name, street, zip, city) values ('1983-01-06-8951', 'Manuel', 'Starling', 'Orin', '13879', 'Kuala Lumpur');
insert into person (person_number, first_name, last_name, street, zip, city) values ('1919-09-03-0751', 'Ricca', 'Kubicek', 'Dottie', '93646', 'Slavkov u Brna');
insert into person (person_number, first_name, last_name, street, zip, city) values ('1939-08-01-3129', 'Brandtr', 'Lanktree', 'Eastlawn', '54030', 'Jindřichov');
insert into person (person_number, first_name, last_name, street, zip, city) values ('1986-05-07-8351', 'Adria', 'Renne', 'Sycamore', '61867', 'Yangxipu');
insert into person (person_number, first_name, last_name, street, zip, city) values ('1999-03-01-6734', 'Alexis', 'Dielhenn', 'Rowland', '02574', 'Barretos');
insert into person (person_number, first_name, last_name, street, zip, city) values ('1977-07-00-2109', 'Fara', 'Gunn', 'Northview', '58513', 'Borne Sulinowo');
insert into person (person_number, first_name, last_name, street, zip, city) values ('1933-09-08-6550', 'Elijah', 'Headech', 'Mesta', '45057', 'Ban Phaeo');
insert into person (person_number, first_name, last_name, street, zip, city) values ('1900-05-09-3614', 'Jaclin', 'Lesley', 'Starling', '95131', 'Eloúnda');
insert into person (person_number, first_name, last_name, street, zip, city) values ('1995-05-01-3462', 'Israel', 'Kachel', 'Brickson Park', '52997', 'Tikiw');
insert into person (person_number, first_name, last_name, street, zip, city) values ('1923-08-00-6158', 'Marlon', 'Flecknell', 'Anhalt', '05246', 'Okrouhlice');
insert into person (person_number, first_name, last_name, street, zip, city) values ('1923-00-06-4801', 'Nicola', 'Chatin', 'Troy', '41806', 'Hat Yai');
insert into person (person_number, first_name, last_name, street, zip, city) values ('1925-07-03-8464', 'Goober', 'Caunce', 'Loeprich', '19014', 'Montaneza');
insert into person (person_number, first_name, last_name, street, zip, city) values ('1920-09-06-6707', 'Fredrika', 'O''Hern', 'Grim', '28726', 'Hangzhou');
insert into person (person_number, first_name, last_name, street, zip, city) values ('1919-09-04-4440', 'Analiese', 'Buxey', 'Gale', '46731', 'Dongjie');
insert into person (person_number, first_name, last_name, street, zip, city) values ('1988-02-06-9056', 'Ilsa', 'Eustice', 'Waubesa', '90246', 'Kasaoka');
insert into person (person_number, first_name, last_name, street, zip, city) values ('1920-04-00-0651', 'Angelle', 'Samart', 'Fulton', '65302', 'Huangjiazhai');
insert into person (person_number, first_name, last_name, street, zip, city) values ('1966-07-01-9888', 'Robyn', 'Cuthill', 'Shasta', '43068', 'Orlândia');
insert into person (person_number, first_name, last_name, street, zip, city) values ('1943-01-05-3700', 'Katy', 'Frantzen', 'Autumn Leaf', '30384', 'Niort');
insert into person (person_number, first_name, last_name, street, zip, city) values ('1971-04-03-2217', 'Elfrida', 'Duffree', 'Mallard', '62982', 'Changtian');
insert into person (person_number, first_name, last_name, street, zip, city) values ('1920-09-08-0209', 'Aggi', 'Gounel', 'John Wall', '01572', 'Xiamazhuang');
insert into person (person_number, first_name, last_name, street, zip, city) values ('1927-07-01-8835', 'Levi', 'McWhan', 'Glacier Hill', '44505', 'Garešnica');
insert into person (person_number, first_name, last_name, street, zip, city) values ('1919-02-09-2715', 'Kenyon', 'Caves', 'Milwaukee', '18328', 'Meipu');
insert into person (person_number, first_name, last_name, street, zip, city) values ('1962-06-09-2939', 'Saloma', 'Reavey', 'Moulton', '13555', 'Yangzi');
insert into person (person_number, first_name, last_name, street, zip, city) values ('1946-03-05-3675', 'Shermie', 'Dorsett', 'Hagan', '21296', 'Na Khu');
insert into person (person_number, first_name, last_name, street, zip, city) values ('1931-06-08-1425', 'Nancee', 'Setch', 'Canary', '39970', 'Port Barton');
insert into person (person_number, first_name, last_name, street, zip, city) values ('1972-02-06-4969', 'Randi', 'Secombe', 'Stoughton', '16616', 'Chorotis');
insert into person (person_number, first_name, last_name, street, zip, city) values ('1923-03-05-9797', 'Jorgan', 'Courson', 'Hayes', '19193', 'Vilares');
insert into person (person_number, first_name, last_name, street, zip, city) values ('1901-03-03-6681', 'Derek', 'Bernaciak', 'Merry', '78491', 'Erie');
insert into person (person_number, first_name, last_name, street, zip, city) values ('1986-09-04-9508', 'Cindy', 'Farish', 'North', '23105', 'Kalidawe');
insert into person (person_number, first_name, last_name, street, zip, city) values ('1923-03-01-6404', 'Arly', 'Draysey', 'Hagan', '23305', 'Shuiyang');
insert into person (person_number, first_name, last_name, street, zip, city) values ('1944-07-06-3979', 'Meg', 'Turland', 'Pennsylvania', '06900', 'Aparecida');
insert into person (person_number, first_name, last_name, street, zip, city) values ('1941-00-06-1571', 'Leslie', 'MacGille', 'Macpherson', '19591', 'Novozavidovskiy');
insert into person (person_number, first_name, last_name, street, zip, city) values ('1902-02-07-8088', 'Jackie', 'Berndsen', 'Bunting', '15293', 'Chavusy');
insert into person (person_number, first_name, last_name, street, zip, city) values ('1911-07-04-2656', 'Guenevere', 'Murricanes', 'Londonderry', '71698', 'Tebingtinggi');
insert into person (person_number, first_name, last_name, street, zip, city) values ('1982-01-01-9221', 'Ilka', 'Miguet', 'Grim', '37897', 'Zhaoxian');
insert into person (person_number, first_name, last_name, street, zip, city) values ('1985-07-03-6196', 'Hinze', 'Jedrachowicz', 'Dapin', '75815', 'Sidi Bousber');
insert into person (person_number, first_name, last_name, street, zip, city) values ('1974-08-01-5004', 'Tammi', 'Bartley', 'Petterle', '02447', 'Liminka');
insert into person (person_number, first_name, last_name, street, zip, city) values ('1962-08-07-8777', 'Barrie', 'Book', 'Hoepker', '60758', 'Trinidad');
insert into person (person_number, first_name, last_name, street, zip, city) values ('1901-03-00-0339', 'Rossie', 'Leneve', 'Novick', '86246', 'Looc');
insert into person (person_number, first_name, last_name, street, zip, city) values ('1994-09-08-9847', 'Orella', 'Bottleson', 'Waxwing', '84862', 'Kabacan');
insert into person (person_number, first_name, last_name, street, zip, city) values ('1939-09-00-2590', 'Shellie', 'Newnham', 'Saint Paul', '70946', 'Tiedonglu');
insert into person (person_number, first_name, last_name, street, zip, city) values ('1957-08-09-5326', 'Kira', 'Heathfield', 'Orin', '60550', 'Charlton');
insert into person (person_number, first_name, last_name, street, zip, city) values ('1932-02-02-1425', 'Aleksandr', 'Kitt', 'Cardinal', '09249', 'Qŭrghonteppa');
insert into person (person_number, first_name, last_name, street, zip, city) values ('1956-04-03-1902', 'Eddie', 'Scones', 'Burrows', '14017', 'Nahura');

-- person for instructor start here
insert into person (person_number, first_name, last_name, street, zip, city) values ('1965-05-00-3801', 'Vivyan', 'Antonias', 'Onsgard', '30918', 'Yelyzavethradka');
insert into person (person_number, first_name, last_name, street, zip, city) values ('1968-05-02-0691', 'Martainn', 'Apfel', 'North', '46416', 'Moita da Roda');
insert into person (person_number, first_name, last_name, street, zip, city) values ('1965-00-06-3006', 'Adel', 'Ceresa', 'David', '94030', 'Sindangraja');
insert into person (person_number, first_name, last_name, street, zip, city) values ('1960-00-09-6236', 'Berny', 'Doig', 'Lakeland', '90272', 'Richmond');
insert into person (person_number, first_name, last_name, street, zip, city) values ('1963-06-03-3519', 'Pearce', 'Isenor', 'Alpine', '35584', 'Itapé');
insert into person (person_number, first_name, last_name, street, zip, city) values ('1960-03-05-0519', 'Selina', 'Rubinowicz', 'Ludington', '79236', 'Wutongkou');
insert into person (person_number, first_name, last_name, street, zip, city) values ('1963-01-06-1058', 'Lilith', 'Lannen', 'Chive', '84098', 'Marinilla');
insert into person (person_number, first_name, last_name, street, zip, city) values ('1967-09-07-9909', 'Jen', 'Tesyro', 'Manitowish', '74699', 'Kamigyo-ku');
insert into person (person_number, first_name, last_name, street, zip, city) values ('1966-09-07-2735', 'Josee', 'Flounders', 'Cherokee', '44160', 'Orissaare');
insert into person (person_number, first_name, last_name, street, zip, city) values ('1965-01-06-1363', 'Philomena', 'Geraudy', 'Sullivan', '29770', 'Dzerzhinskiy');
insert into person (person_number, first_name, last_name, street, zip, city) values ('1978-03-02-2164', 'Jeromy', 'Glazier', 'Eggendart', '44215', 'Nykarleby');
insert into person (person_number, first_name, last_name, street, zip, city) values ('1979-05-04-8396', 'Agnella', 'Alu', 'Sunnyside', '50736', 'Argelia');
insert into person (person_number, first_name, last_name, street, zip, city) values ('1970-09-03-1986', 'Morgen', 'Brady', 'Oneill', '90411', 'Ruyigi');
insert into person (person_number, first_name, last_name, street, zip, city) values ('1971-05-07-2468', 'Karlen', 'Parzis', 'Grayhawk', '55927', 'Borūjerd');
insert into person (person_number, first_name, last_name, street, zip, city) values ('1974-08-00-0879', 'Martynne', 'Spilisy', 'Colorado', '94993', 'Seidu');
insert into person (person_number, first_name, last_name, street, zip, city) values ('1975-05-04-3091', 'Juliann', 'Yeats', 'Maryland', '43882', 'Kairouan');
insert into person (person_number, first_name, last_name, street, zip, city) values ('1977-02-00-0730', 'Diahann', 'Vasilic', 'Clyde Gallagher', '66625', 'Rizal');
insert into person (person_number, first_name, last_name, street, zip, city) values ('1978-09-03-5628', 'Roanna', 'Pawfoot', 'Oak Valley', '72030', 'Saint-Laurent-du-Var');
insert into person (person_number, first_name, last_name, street, zip, city) values ('1970-06-00-4432', 'Katharyn', 'Caccavari', 'Harper', '19949', 'Dapeng');
insert into person (person_number, first_name, last_name, street, zip, city) values ('1977-00-05-4821', 'Ariana', 'Oldham', 'Nevada', '96510', 'El Monte');

-- person for parent start here
insert into person (person_number, first_name, last_name, street, zip, city) values ('1966-00-09-1875', 'Ernesto', 'Theunissen', 'Main', '47830', 'Sydney');
insert into person (person_number, first_name, last_name, street, zip, city) values ('1967-04-07-2630', 'Shandeigh', 'Dawks', 'Village Green', '00612', 'Rogoza');
insert into person (person_number, first_name, last_name, street, zip, city) values ('1960-03-02-4908', 'Sephira', 'Galier', 'Drewry', '13476', 'Zaoshi');
insert into person (person_number, first_name, last_name, street, zip, city) values ('1967-01-05-4730', 'Grantham', 'Baxstare', 'Upham', '75847', 'Ridder');
insert into person (person_number, first_name, last_name, street, zip, city) values ('1966-03-00-9526', 'Hilarius', 'Aupol', 'Kropf', '12958', 'Simões Filho');
insert into person (person_number, first_name, last_name, street, zip, city) values ('1960-03-08-9773', 'Hillier', 'Mordey', 'Pennsylvania', '12338', 'Yongning');
insert into person (person_number, first_name, last_name, street, zip, city) values ('1966-09-01-9998', 'Elyn', 'Batting', 'Northview', '83312', 'Naekan');
insert into person (person_number, first_name, last_name, street, zip, city) values ('1967-09-08-3230', 'Henri', 'Gribbell', 'Graedel', '93151', 'Mombok');
insert into person (person_number, first_name, last_name, street, zip, city) values ('1967-04-01-9330', 'Dell', 'Kiffin', 'Amoth', '84527', 'Laocheng');
insert into person (person_number, first_name, last_name, street, zip, city) values ('1963-09-00-6659', 'Marsha', 'Sumption', 'Dawn', '93442', 'Lashma');
insert into person (person_number, first_name, last_name, street, zip, city) values ('1964-09-03-6020', 'Hatty', 'Askew', 'Annamark', '21837', 'Guanba');
insert into person (person_number, first_name, last_name, street, zip, city) values ('1966-01-02-4675', 'Morena', 'D''Antoni', 'Lakeland', '41133', 'Panimbang');
insert into person (person_number, first_name, last_name, street, zip, city) values ('1967-05-01-7282', 'Yardley', 'Fearnyhough', 'Eagan', '90375', 'Muranovo');
insert into person (person_number, first_name, last_name, street, zip, city) values ('1962-05-09-1620', 'Angelica', 'Simonaitis', 'Rieder', '93829', 'Nova Odessa');
insert into person (person_number, first_name, last_name, street, zip, city) values ('1962-09-04-5730', 'Anatole', 'Dallosso', 'Butternut', '60447', 'Nancaicun');
insert into person (person_number, first_name, last_name, street, zip, city) values ('1967-03-01-0609', 'Turner', 'Braven', 'Northridge', '36385', 'Cosne-Cours-sur-Loire');
insert into person (person_number, first_name, last_name, street, zip, city) values ('1960-08-03-9986', 'Annabela', 'Crippin', 'Washington', '01163', 'Austin');
insert into person (person_number, first_name, last_name, street, zip, city) values ('1969-01-08-7728', 'Ursala', 'Martygin', 'Moulton', '45329', 'Lamalera');
insert into person (person_number, first_name, last_name, street, zip, city) values ('1969-03-04-3312', 'Alasteir', 'Goodlip', 'Jackson', '30834', 'Niedzica');
insert into person (person_number, first_name, last_name, street, zip, city) values ('1965-03-09-7636', 'Joyce', 'Ibbetson', 'Meadow Valley', '60712', 'Siwa Oasis');
insert into person (person_number, first_name, last_name, street, zip, city) values ('1961-07-05-2034', 'Melita', 'McGaugan', 'Shopko', '65614', 'Tabaquite');
insert into person (person_number, first_name, last_name, street, zip, city) values ('1960-08-09-6522', 'Kleon', 'Du Plantier', 'Gale', '57068', 'Élancourt');
insert into person (person_number, first_name, last_name, street, zip, city) values ('1969-05-01-3327', 'Quinn', 'Lindner', 'Meadow Vale', '93957', 'Maodao');
insert into person (person_number, first_name, last_name, street, zip, city) values ('1960-00-03-6418', 'Garrett', 'Twitchings', 'Caliangt', '71367', 'Velyka Bahachka');
insert into person (person_number, first_name, last_name, street, zip, city) values ('1963-05-06-7700', 'Allayne', 'Briztman', 'Westerfield', '54142', 'Komatsu');
insert into person (person_number, first_name, last_name, street, zip, city) values ('1969-08-08-6952', 'Carlene', 'Lomas', 'Hoffman', '42505', 'Panalo-on');
insert into person (person_number, first_name, last_name, street, zip, city) values ('1960-04-07-2983', 'Arlan', 'Ancliffe', 'Monica', '66072', 'Guanlu');
insert into person (person_number, first_name, last_name, street, zip, city) values ('1967-07-09-8404', 'Bobbee', 'Huggens', 'Armistice', '40159', 'El Galpón');
insert into person (person_number, first_name, last_name, street, zip, city) values ('1964-09-05-2915', 'Edwin', 'Fish', 'Bunker Hill', '11827', 'Maroa');
insert into person (person_number, first_name, last_name, street, zip, city) values ('1967-05-08-3256', 'Albertine', 'Llewellen', 'Iowa', '71118', 'Hamburg');
insert into person (person_number, first_name, last_name, street, zip, city) values ('1962-05-07-5894', 'Nanci', 'Nolleau', 'Mendota', '04448', 'Duzhou');
insert into person (person_number, first_name, last_name, street, zip, city) values ('1962-07-00-5350', 'Halette', 'Branston', 'Pepper Wood', '62403', 'Shezë');
insert into person (person_number, first_name, last_name, street, zip, city) values ('1961-04-01-0442', 'Lulu', 'Klimashevich', 'Lakeland', '77064', 'Saint-Lô');
insert into person (person_number, first_name, last_name, street, zip, city) values ('1962-05-02-2948', 'Micah', 'Delacoste', 'Pond', '55332', 'Ruma');
insert into person (person_number, first_name, last_name, street, zip, city) values ('1969-05-01-7060', 'Russ', 'Henderson', 'Schurz', '91675', 'Rothesay Bay');
insert into person (person_number, first_name, last_name, street, zip, city) values ('1969-00-04-7441', 'Karim', 'Meynell', 'Bartillon', '95082', 'Lahishyn');
insert into person (person_number, first_name, last_name, street, zip, city) values ('1964-05-03-8829', 'Irv', 'O''Tierney', 'Sunnyside', '39694', 'Marau');
insert into person (person_number, first_name, last_name, street, zip, city) values ('1960-02-02-2925', 'Henka', 'Swainson', 'Texas', '96228', 'Ayolas');
insert into person (person_number, first_name, last_name, street, zip, city) values ('1965-04-09-3049', 'Grannie', 'Nolda', 'Bowman', '23898', 'Pocpo');
insert into person (person_number, first_name, last_name, street, zip, city) values ('1968-04-06-7934', 'Sheila', 'Clarkson', 'Starling', '78500', 'Machakos');
insert into person (person_number, first_name, last_name, street, zip, city) values ('1961-02-01-9392', 'Gisele', 'Reade', 'Bonner', '25362', 'Singojuruh');
insert into person (person_number, first_name, last_name, street, zip, city) values ('1964-01-02-1982', 'Caresse', 'Ricket', 'Reindahl', '60737', 'La Tour-du-Pin');
insert into person (person_number, first_name, last_name, street, zip, city) values ('1965-07-02-2250', 'Odilia', 'Pyvis', 'Hallows', '97405', 'Kanlagay');
insert into person (person_number, first_name, last_name, street, zip, city) values ('1968-03-03-1157', 'Solomon', 'Durbridge', 'Hazelcrest', '31571', 'Ilhéus');
insert into person (person_number, first_name, last_name, street, zip, city) values ('1967-03-05-1093', 'Efrem', 'Plummer', 'Glendale', '93379', 'Beaufort');
insert into person (person_number, first_name, last_name, street, zip, city) values ('1966-04-03-3660', 'Truda', 'Cobon', 'Oneill', '08310', 'Jami');
insert into person (person_number, first_name, last_name, street, zip, city) values ('1963-02-02-1489', 'Shaughn', 'Gerran', 'Melrose', '40755', 'Dolega District');
insert into person (person_number, first_name, last_name, street, zip, city) values ('1961-01-03-4442', 'Bryce', 'Peltzer', 'Maryland', '73896', 'Baliton');
insert into person (person_number, first_name, last_name, street, zip, city) values ('1968-07-07-8119', 'Diandra', 'Stores', 'Grim', '34644', 'Tushi');
insert into person (person_number, first_name, last_name, street, zip, city) values ('1966-03-07-8028', 'Dugald', 'Kleis', 'Scofield', '70050', 'Pražmo');
insert into person (person_number, first_name, last_name, street, zip, city) values ('1966-01-01-9578', 'Roshelle', 'Raspison', 'Basil', '54857', 'Zykovo');

-- person_email cross-reference table
insert into person_email (email_id, person_id) values (1, 1);
insert into person_email (email_id, person_id) values (2, 2);
insert into person_email (email_id, person_id) values (3, 3);
insert into person_email (email_id, person_id) values (4, 4);
insert into person_email (email_id, person_id) values (5, 5);
insert into person_email (email_id, person_id) values (6, 6);
insert into person_email (email_id, person_id) values (7, 7);
insert into person_email (email_id, person_id) values (8, 8);
insert into person_email (email_id, person_id) values (9, 9);
insert into person_email (email_id, person_id) values (10, 10);
insert into person_email (email_id, person_id) values (11, 11);
insert into person_email (email_id, person_id) values (12, 12);
insert into person_email (email_id, person_id) values (13, 13);
insert into person_email (email_id, person_id) values (14, 14);
insert into person_email (email_id, person_id) values (15, 15);
insert into person_email (email_id, person_id) values (16, 16);
insert into person_email (email_id, person_id) values (17, 17);
insert into person_email (email_id, person_id) values (18, 18);
insert into person_email (email_id, person_id) values (19, 19);
insert into person_email (email_id, person_id) values (20, 20);
insert into person_email (email_id, person_id) values (21, 21);
insert into person_email (email_id, person_id) values (22, 22);
insert into person_email (email_id, person_id) values (23, 23);
insert into person_email (email_id, person_id) values (24, 24);
insert into person_email (email_id, person_id) values (25, 25);
insert into person_email (email_id, person_id) values (26, 26);
insert into person_email (email_id, person_id) values (27, 27);
insert into person_email (email_id, person_id) values (28, 28);
insert into person_email (email_id, person_id) values (29, 29);
insert into person_email (email_id, person_id) values (30, 30);
insert into person_email (email_id, person_id) values (31, 31);
insert into person_email (email_id, person_id) values (32, 32);
insert into person_email (email_id, person_id) values (33, 33);
insert into person_email (email_id, person_id) values (34, 34);
insert into person_email (email_id, person_id) values (35, 35);
insert into person_email (email_id, person_id) values (36, 36);
insert into person_email (email_id, person_id) values (37, 37);
insert into person_email (email_id, person_id) values (38, 38);
insert into person_email (email_id, person_id) values (39, 39);
insert into person_email (email_id, person_id) values (40, 40);
insert into person_email (email_id, person_id) values (41, 41);
insert into person_email (email_id, person_id) values (42, 42);
insert into person_email (email_id, person_id) values (43, 43);
insert into person_email (email_id, person_id) values (44, 44);
insert into person_email (email_id, person_id) values (45, 45);
insert into person_email (email_id, person_id) values (46, 46);
insert into person_email (email_id, person_id) values (47, 47);
insert into person_email (email_id, person_id) values (48, 48);
insert into person_email (email_id, person_id) values (49, 49);
insert into person_email (email_id, person_id) values (50, 50);
insert into person_email (email_id, person_id) values (51, 51);
insert into person_email (email_id, person_id) values (52, 52);
insert into person_email (email_id, person_id) values (53, 53);
insert into person_email (email_id, person_id) values (54, 54);
insert into person_email (email_id, person_id) values (55, 55);
insert into person_email (email_id, person_id) values (56, 56);
insert into person_email (email_id, person_id) values (57, 57);
insert into person_email (email_id, person_id) values (58, 58);
insert into person_email (email_id, person_id) values (59, 59);
insert into person_email (email_id, person_id) values (60, 60);
insert into person_email (email_id, person_id) values (61, 61);
insert into person_email (email_id, person_id) values (62, 62);
insert into person_email (email_id, person_id) values (63, 63);
insert into person_email (email_id, person_id) values (64, 64);
insert into person_email (email_id, person_id) values (65, 65);
insert into person_email (email_id, person_id) values (66, 66);
insert into person_email (email_id, person_id) values (67, 67);
insert into person_email (email_id, person_id) values (68, 68);
insert into person_email (email_id, person_id) values (69, 69);
insert into person_email (email_id, person_id) values (70, 70);
insert into person_email (email_id, person_id) values (71, 71);
insert into person_email (email_id, person_id) values (72, 72);
insert into person_email (email_id, person_id) values (73, 73);
insert into person_email (email_id, person_id) values (74, 74);
insert into person_email (email_id, person_id) values (75, 75);
insert into person_email (email_id, person_id) values (76, 76);
insert into person_email (email_id, person_id) values (77, 77);
insert into person_email (email_id, person_id) values (78, 78);
insert into person_email (email_id, person_id) values (79, 79);
insert into person_email (email_id, person_id) values (80, 80);
insert into person_email (email_id, person_id) values (81, 81);
insert into person_email (email_id, person_id) values (82, 82);
insert into person_email (email_id, person_id) values (83, 83);
insert into person_email (email_id, person_id) values (84, 84);
insert into person_email (email_id, person_id) values (85, 85);
insert into person_email (email_id, person_id) values (86, 86);
insert into person_email (email_id, person_id) values (87, 87);
insert into person_email (email_id, person_id) values (88, 88);
insert into person_email (email_id, person_id) values (89, 89);
insert into person_email (email_id, person_id) values (90, 90);
insert into person_email (email_id, person_id) values (91, 91);
insert into person_email (email_id, person_id) values (92, 92);
insert into person_email (email_id, person_id) values (93, 93);
insert into person_email (email_id, person_id) values (94, 94);
insert into person_email (email_id, person_id) values (95, 95);
insert into person_email (email_id, person_id) values (96, 96);
insert into person_email (email_id, person_id) values (97, 97);
insert into person_email (email_id, person_id) values (98, 98);
insert into person_email (email_id, person_id) values (99, 99);
insert into person_email (email_id, person_id) values (100, 100);

-- phone numbers
insert into phone (phone_no) values ('076-3247580');
insert into phone (phone_no) values ('076-6113670');
insert into phone (phone_no) values ('076-6989669');
insert into phone (phone_no) values ('076-1425566');
insert into phone (phone_no) values ('076-2608799');
insert into phone (phone_no) values ('076-5638191');
insert into phone (phone_no) values ('076-0912736');
insert into phone (phone_no) values ('076-5902520');
insert into phone (phone_no) values ('076-6867695');
insert into phone (phone_no) values ('076-1301891');
insert into phone (phone_no) values ('076-0139680');
insert into phone (phone_no) values ('076-3711703');
insert into phone (phone_no) values ('076-5733795');
insert into phone (phone_no) values ('076-3465316');
insert into phone (phone_no) values ('076-0918958');
insert into phone (phone_no) values ('076-7930319');
insert into phone (phone_no) values ('076-9567980');
insert into phone (phone_no) values ('076-6457370');
insert into phone (phone_no) values ('076-3203617');
insert into phone (phone_no) values ('076-5387140');
insert into phone (phone_no) values ('076-2123250');
insert into phone (phone_no) values ('076-1251890');
insert into phone (phone_no) values ('076-1192866');
insert into phone (phone_no) values ('076-0449129');
insert into phone (phone_no) values ('076-9807703');
insert into phone (phone_no) values ('076-8294765');
insert into phone (phone_no) values ('076-2300735');
insert into phone (phone_no) values ('076-0190138');
insert into phone (phone_no) values ('076-6523280');
insert into phone (phone_no) values ('076-1037967');
insert into phone (phone_no) values ('076-5038681');
insert into phone (phone_no) values ('076-3589649');
insert into phone (phone_no) values ('076-6809969');
insert into phone (phone_no) values ('076-1745647');
insert into phone (phone_no) values ('076-8112841');
insert into phone (phone_no) values ('076-7697504');
insert into phone (phone_no) values ('076-1617615');
insert into phone (phone_no) values ('076-8067508');
insert into phone (phone_no) values ('076-7261845');
insert into phone (phone_no) values ('076-8545798');
insert into phone (phone_no) values ('076-6061395');
insert into phone (phone_no) values ('076-4456017');
insert into phone (phone_no) values ('076-7539801');
insert into phone (phone_no) values ('076-4727512');
insert into phone (phone_no) values ('076-0769587');
insert into phone (phone_no) values ('076-3382470');
insert into phone (phone_no) values ('076-8118340');
insert into phone (phone_no) values ('076-7488452');
insert into phone (phone_no) values ('076-3082846');
insert into phone (phone_no) values ('076-8862323');
insert into phone (phone_no) values ('073-4687917');
insert into phone (phone_no) values ('073-7581551');
insert into phone (phone_no) values ('073-2060983');
insert into phone (phone_no) values ('073-7933275');
insert into phone (phone_no) values ('073-1183580');
insert into phone (phone_no) values ('073-5011425');
insert into phone (phone_no) values ('073-6144370');
insert into phone (phone_no) values ('073-0941302');
insert into phone (phone_no) values ('073-8519720');
insert into phone (phone_no) values ('073-7183121');
insert into phone (phone_no) values ('073-4669079');
insert into phone (phone_no) values ('073-7734437');
insert into phone (phone_no) values ('073-8291962');
insert into phone (phone_no) values ('073-6589019');
insert into phone (phone_no) values ('073-6765017');
insert into phone (phone_no) values ('073-4178328');
insert into phone (phone_no) values ('073-5846343');
insert into phone (phone_no) values ('073-3224222');
insert into phone (phone_no) values ('073-4874661');
insert into phone (phone_no) values ('073-0958807');
insert into phone (phone_no) values ('073-6637502');
insert into phone (phone_no) values ('073-2787002');
insert into phone (phone_no) values ('073-8027448');
insert into phone (phone_no) values ('073-9780853');
insert into phone (phone_no) values ('073-2906684');
insert into phone (phone_no) values ('072-1748633');
insert into phone (phone_no) values ('072-9929719');
insert into phone (phone_no) values ('072-3624987');
insert into phone (phone_no) values ('072-9938237');
insert into phone (phone_no) values ('072-8289406');
insert into phone (phone_no) values ('072-8928460');
insert into phone (phone_no) values ('072-6841730');
insert into phone (phone_no) values ('072-1576307');
insert into phone (phone_no) values ('072-1305748');
insert into phone (phone_no) values ('072-1274829');
insert into phone (phone_no) values ('072-2228872');
insert into phone (phone_no) values ('072-5918911');
insert into phone (phone_no) values ('072-2804734');
insert into phone (phone_no) values ('072-8310635');
insert into phone (phone_no) values ('072-7415845');
insert into phone (phone_no) values ('072-3725112');
insert into phone (phone_no) values ('072-7979695');
insert into phone (phone_no) values ('072-3002603');
insert into phone (phone_no) values ('072-4597254');
insert into phone (phone_no) values ('072-6782670');
insert into phone (phone_no) values ('072-8301967');
insert into phone (phone_no) values ('072-1722447');
insert into phone (phone_no) values ('072-9793516');
insert into phone (phone_no) values ('072-0880980');
insert into phone (phone_no) values ('072-1321027');

-- student table data
insert into student  (person_id, skill_level) values (1, 'Beginner');
insert into student  (person_id, skill_level) values (2, 'Beginner');
insert into student  (person_id, skill_level) values (3, 'Beginner');
insert into student  (person_id, skill_level) values (4, 'Beginner');
insert into student  (person_id, skill_level) values (5, 'Beginner');
insert into student  (person_id, skill_level) values (6, 'Beginner');
insert into student  (person_id, skill_level) values (7, 'Beginner');
insert into student  (person_id, skill_level) values (8, 'Beginner');
insert into student  (person_id, skill_level) values (9, 'Beginner');
insert into student  (person_id, skill_level) values (10, 'Beginner');
insert into student  (person_id, skill_level) values (11, 'Beginner');
insert into student  (person_id, skill_level) values (12, 'Beginner');
insert into student  (person_id, skill_level) values (13, 'Beginner');
insert into student  (person_id, skill_level) values (14, 'Beginner');
insert into student  (person_id, skill_level) values (15, 'Beginner');
insert into student  (person_id, skill_level) values (16, 'Beginner');
insert into student  (person_id, skill_level) values (17, 'Beginner');
insert into student  (person_id, skill_level) values (18, 'Beginner');
insert into student  (person_id, skill_level) values (19, 'Beginner');
insert into student  (person_id, skill_level) values (20, 'Beginner');
insert into student  (person_id, skill_level) values (21, 'Beginner');
insert into student  (person_id, skill_level) values (22, 'Beginner');
insert into student  (person_id, skill_level) values (23, 'Beginner');
insert into student  (person_id, skill_level) values (24, 'Beginner');
insert into student  (person_id, skill_level) values (25, 'Beginner');
insert into student  (person_id, skill_level) values (26, 'Beginner');
insert into student  (person_id, skill_level) values (27, 'Beginner');
insert into student  (person_id, skill_level) values (28, 'Beginner');
insert into student  (person_id, skill_level) values (29, 'Beginner');
insert into student  (person_id, skill_level) values (30, 'Beginner');
insert into student  (person_id, skill_level) values (31, 'Beginner');
insert into student  (person_id, skill_level) values (32, 'Beginner');
insert into student  (person_id, skill_level) values (33, 'Beginner');
insert into student  (person_id, skill_level) values (34, 'Beginner');
insert into student  (person_id, skill_level) values (35, 'Beginner');
insert into student  (person_id, skill_level) values (36, 'Beginner');
insert into student  (person_id, skill_level) values (37, 'Beginner');
insert into student  (person_id, skill_level) values (38, 'Beginner');
insert into student  (person_id, skill_level) values (39, 'Beginner');
insert into student  (person_id, skill_level) values (40, 'Beginner');
insert into student  (person_id, skill_level) values (41, 'Advanced');
insert into student  (person_id, skill_level) values (42, 'Advanced');
insert into student  (person_id, skill_level) values (43, 'Advanced');
insert into student  (person_id, skill_level) values (44, 'Advanced');
insert into student  (person_id, skill_level) values (45, 'Advanced');
insert into student  (person_id, skill_level) values (46, 'Advanced');
insert into student  (person_id, skill_level) values (47, 'Advanced');
insert into student  (person_id, skill_level) values (48, 'Advanced');
insert into student  (person_id, skill_level) values (49, 'Advanced');
insert into student  (person_id, skill_level) values (50, 'Advanced');
insert into student  (person_id, skill_level) values (51, 'Advanced');
insert into student  (person_id, skill_level) values (52, 'Advanced');
insert into student  (person_id, skill_level) values (53, 'Advanced');
insert into student  (person_id, skill_level) values (54, 'Advanced');
insert into student  (person_id, skill_level) values (55, 'Advanced');
insert into student  (person_id, skill_level) values (56, 'Advanced');
insert into student  (person_id, skill_level) values (57, 'Advanced');
insert into student  (person_id, skill_level) values (58, 'Advanced');
insert into student  (person_id, skill_level) values (59, 'Advanced');
insert into student  (person_id, skill_level) values (60, 'Advanced');
insert into student  (person_id, skill_level) values (61, 'Advanced');
insert into student  (person_id, skill_level) values (62, 'Advanced');
insert into student  (person_id, skill_level) values (63, 'Advanced');
insert into student  (person_id, skill_level) values (64, 'Advanced');
insert into student  (person_id, skill_level) values (65, 'Advanced');
insert into student  (person_id, skill_level) values (66, 'Advanced');
insert into student  (person_id, skill_level) values (67, 'Advanced');
insert into student  (person_id, skill_level) values (68, 'Advanced');
insert into student  (person_id, skill_level) values (69, 'Advanced');
insert into student  (person_id, skill_level) values (70, 'Advanced');
insert into student  (person_id, skill_level) values (71, 'Intermediate');
insert into student  (person_id, skill_level) values (72, 'Intermediate');
insert into student  (person_id, skill_level) values (73, 'Intermediate');
insert into student  (person_id, skill_level) values (74, 'Intermediate');
insert into student  (person_id, skill_level) values (75, 'Intermediate');
insert into student  (person_id, skill_level) values (76, 'Intermediate');
insert into student  (person_id, skill_level) values (77, 'Intermediate');
insert into student  (person_id, skill_level) values (78, 'Intermediate');
insert into student  (person_id, skill_level) values (79, 'Intermediate');
insert into student  (person_id, skill_level) values (80, 'Intermediate');
insert into student  (person_id, skill_level) values (81, 'Intermediate');
insert into student  (person_id, skill_level) values (82, 'Intermediate');
insert into student  (person_id, skill_level) values (83, 'Intermediate');
insert into student  (person_id, skill_level) values (84, 'Intermediate');
insert into student  (person_id, skill_level) values (85, 'Intermediate');
insert into student  (person_id, skill_level) values (86, 'Intermediate');
insert into student  (person_id, skill_level) values (87, 'Intermediate');
insert into student  (person_id, skill_level) values (88, 'Intermediate');
insert into student  (person_id, skill_level) values (89, 'Intermediate');
insert into student  (person_id, skill_level) values (90, 'Intermediate');
insert into student  (person_id, skill_level) values (91, 'Intermediate');
insert into student  (person_id, skill_level) values (92, 'Intermediate');
insert into student  (person_id, skill_level) values (93, 'Intermediate');
insert into student  (person_id, skill_level) values (94, 'Intermediate');
insert into student  (person_id, skill_level) values (95, 'Intermediate');
insert into student  (person_id, skill_level) values (96, 'Intermediate');
insert into student  (person_id, skill_level) values (97, 'Intermediate');
insert into student  (person_id, skill_level) values (98, 'Intermediate');
insert into student  (person_id, skill_level) values (99, 'Intermediate');
insert into student  (person_id, skill_level) values (100,'Intermediate');

-- contract_of_rental
insert into contract_of_rental (student_id, instrument_id, monthly_price, start_time, end_time ) values (1, 1, 115, '2022-08-01 04:23:18', '2022-09-01 22:04:31');
insert into contract_of_rental (student_id, instrument_id, monthly_price, start_time, end_time ) values (2, 2, 209, '2022-07-01 14:02:59', '2022-09-01 01:39:00');
insert into contract_of_rental (student_id, instrument_id, monthly_price, start_time, end_time ) values (3, 3, 91, '2022-06-01 20:34:25', '2022-08-01 13:53:56');
insert into contract_of_rental (student_id, instrument_id, monthly_price, start_time, end_time ) values (4, 4, 54, '2022-05-01 18:32:26', '2022-09-01 18:37:52');
insert into contract_of_rental (student_id, instrument_id, monthly_price, start_time, end_time ) values (5, 5, 176, '2022-06-01 02:40:18', '2022-10-01 12:10:22');
insert into contract_of_rental (student_id, instrument_id, monthly_price, start_time, end_time ) values (6, 6, 214, '2022-07-01 11:53:28', '2022-11-01 13:38:07');
insert into contract_of_rental (student_id, instrument_id, monthly_price, start_time, end_time ) values (7, 7, 185, '2022-10-01 01:28:42', '2022-12-01 16:05:36');
insert into contract_of_rental (student_id, instrument_id, monthly_price, start_time, end_time ) values (8, 8, 143, '2022-08-01 03:30:32', '2022-11-01 00:00:22');
insert into contract_of_rental (student_id, instrument_id, monthly_price, start_time, end_time ) values (9, 9, 73, '2022-04-01 21:14:02', '2022-10-01 18:49:37');
insert into contract_of_rental (student_id, instrument_id, monthly_price, start_time, end_time ) values (10, 10, 84, '2022-04-01 23:10:46', '2022-05-01 10:45:28');
insert into contract_of_rental (student_id, instrument_id, monthly_price, start_time, end_time ) values (11, 11, 208, '2022-08-01 12:39:08', '2022-09-01 12:10:59');
insert into contract_of_rental (student_id, instrument_id, monthly_price, start_time, end_time ) values (12, 12, 193, '2022-02-01 23:08:02', '2022-11-01 02:02:30');
insert into contract_of_rental (student_id, instrument_id, monthly_price, start_time, end_time ) values (13, 13, 163, '2022-01-01 11:46:18', '2022-06-01 07:24:02');
insert into contract_of_rental (student_id, instrument_id, monthly_price, start_time, end_time ) values (14, 14, 191, '2022-02-01 17:30:23', '2022-07-01 07:21:39');
insert into contract_of_rental (student_id, instrument_id, monthly_price, start_time, end_time ) values (15, 15, 227, '2022-10-01 14:46:13', '2022-11-01 20:32:38');
insert into contract_of_rental (student_id, instrument_id, monthly_price, start_time, end_time ) values (16, 16, 76, '2022-10-01 09:12:45', '2022-12-01 18:10:04');
insert into contract_of_rental (student_id, instrument_id, monthly_price, start_time, end_time ) values (17, 17, 212, '2022-09-01 12:32:54', '2023-01-01 07:33:15');
insert into contract_of_rental (student_id, instrument_id, monthly_price, start_time, end_time ) values (18, 18, 67, '2022-06-01 18:21:00', '2022-08-01 12:10:43');
insert into contract_of_rental (student_id, instrument_id, monthly_price, start_time, end_time ) values (19, 19, 121, '2022-05-01 08:13:04', '2022-10-01 08:06:12');
insert into contract_of_rental (student_id, instrument_id, monthly_price, start_time, end_time ) values (20, 20, 163, '2022-09-01 10:37:08', '2022-11-01 14:57:15');
insert into contract_of_rental (student_id, instrument_id, monthly_price, start_time, end_time ) values (21, 21, 133, '2022-10-01 19:46:11', '2022-12-01 10:06:09');
insert into contract_of_rental (student_id, instrument_id, monthly_price, start_time, end_time ) values (22, 22, 163, '2022-07-15 06:01:29', '2022-09-15 04:20:37');
insert into contract_of_rental (student_id, instrument_id, monthly_price, start_time, end_time ) values (23, 23, 198, '2022-03-11 09:50:36', '2022-09-11 14:31:50');
insert into contract_of_rental (student_id, instrument_id, monthly_price, start_time, end_time ) values (24, 24, 159, '2022-08-05 09:19:58', '2022-11-05 06:27:57');
insert into contract_of_rental (student_id, instrument_id, monthly_price, start_time, end_time ) values (25, 25, 117, '2022-05-05 13:15:57', '2022-09-05 07:17:15');
insert into contract_of_rental (student_id, instrument_id, monthly_price, start_time, end_time ) values (26, 26, 94, '2022-07-07 22:45:59', '2022-10-07 07:11:18');
insert into contract_of_rental (student_id, instrument_id, monthly_price, start_time, end_time ) values (27, 27, 70, '2022-05-08 22:53:24', '2022-10-08 10:55:12');
insert into contract_of_rental (student_id, instrument_id, monthly_price, start_time, end_time ) values (28, 28, 148, '2022-07-09 07:53:01', '2022-09-09 07:35:30');
insert into contract_of_rental (student_id, instrument_id, monthly_price, start_time, end_time ) values (29, 29, 113, '2022-08-08 07:51:38', '2022-09-08 01:46:39');
insert into contract_of_rental (student_id, instrument_id, monthly_price, start_time, end_time ) values (30, 30, 152, '2022-05-27 20:41:48', '2022-08-27 01:30:51');
insert into contract_of_rental (student_id, instrument_id, monthly_price, start_time, end_time ) values (31, 31, 117, '2022-11-25 00:36:09', '2022-12-25 18:24:51');
insert into contract_of_rental (student_id, instrument_id, monthly_price, start_time, end_time ) values (32, 32, 142, '2022-10-22 05:55:30', '2022-12-22 18:06:22');
insert into contract_of_rental (student_id, instrument_id, monthly_price, start_time, end_time ) values (33, 33, 51, '2022-06-01 16:39:20', '2022-09-01 14:19:51');
insert into contract_of_rental (student_id, instrument_id, monthly_price, start_time, end_time ) values (34, 34, 149, '2022-09-03 12:53:11', '2022-11-03 09:49:37');
insert into contract_of_rental (student_id, instrument_id, monthly_price, start_time, end_time ) values (35, 35, 148, '2022-10-11 10:07:21', '2022-12-11 08:33:09');
insert into contract_of_rental (student_id, instrument_id, monthly_price, start_time, end_time ) values (36, 36, 129, '2022-07-07 17:54:46', '2022-12-07 12:55:49');
insert into contract_of_rental (student_id, instrument_id, monthly_price, start_time, end_time ) values (37, 37, 108, '2022-10-23 16:51:09', '2022-11-23 19:42:29');
insert into contract_of_rental (student_id, instrument_id, monthly_price, start_time, end_time ) values (38, 38, 101, '2022-10-07 06:08:59', '2022-12-07 21:17:56');
insert into contract_of_rental (student_id, instrument_id, monthly_price, start_time, end_time ) values (39, 39, 96, '2022-08-08 05:21:03', '2022-11-08 03:20:24');
insert into contract_of_rental (student_id, instrument_id, monthly_price, start_time, end_time ) values (40, 40, 70, '2022-10-01 13:14:15', '2022-12-01 12:09:39');

-- instructor table
insert into instructor (person_id, teach_ensamble) values (101, false);
insert into instructor (person_id, teach_ensamble) values (102, true);
insert into instructor (person_id, teach_ensamble) values (103, true);
insert into instructor (person_id, teach_ensamble) values (104, false);
insert into instructor (person_id, teach_ensamble) values (105, false);
insert into instructor (person_id, teach_ensamble) values (106, true);
insert into instructor (person_id, teach_ensamble) values (107, false);
insert into instructor (person_id, teach_ensamble) values (108, true);
insert into instructor (person_id, teach_ensamble) values (109, false);
insert into instructor (person_id, teach_ensamble) values (110, false);
insert into instructor (person_id, teach_ensamble) values (111, false);
insert into instructor (person_id, teach_ensamble) values (112, false);
insert into instructor (person_id, teach_ensamble) values (113, false);
insert into instructor (person_id, teach_ensamble) values (114, false);
insert into instructor (person_id, teach_ensamble) values (115, false);
insert into instructor (person_id, teach_ensamble) values (116, false);
insert into instructor (person_id, teach_ensamble) values (117, true);
insert into instructor (person_id, teach_ensamble) values (118, false);
insert into instructor (person_id, teach_ensamble) values (119, false);
insert into instructor (person_id, teach_ensamble) values (120, true);

-- instructor_instrument cross-reference table
insert into instructor_instrument (instrument_id, instructor_id) values (1, 1);
insert into instructor_instrument (instrument_id, instructor_id) values (2, 2);
insert into instructor_instrument (instrument_id, instructor_id) values (3, 3);
insert into instructor_instrument (instrument_id, instructor_id) values (4, 4);
insert into instructor_instrument (instrument_id, instructor_id) values (5, 5);
insert into instructor_instrument (instrument_id, instructor_id) values (6, 6);
insert into instructor_instrument (instrument_id, instructor_id) values (7, 7);
insert into instructor_instrument (instrument_id, instructor_id) values (8, 8);
insert into instructor_instrument (instrument_id, instructor_id) values (9, 9);
insert into instructor_instrument (instrument_id, instructor_id) values (10, 10);
insert into instructor_instrument (instrument_id, instructor_id) values (11, 11);
insert into instructor_instrument (instrument_id, instructor_id) values (12, 12);
insert into instructor_instrument (instrument_id, instructor_id) values (13, 13);
insert into instructor_instrument (instrument_id, instructor_id) values (14, 14);
insert into instructor_instrument (instrument_id, instructor_id) values (15, 15);
insert into instructor_instrument (instrument_id, instructor_id) values (16, 16);
insert into instructor_instrument (instrument_id, instructor_id) values (17, 17);
insert into instructor_instrument (instrument_id, instructor_id) values (18, 18);
insert into instructor_instrument (instrument_id, instructor_id) values (19, 19);
insert into instructor_instrument (instrument_id, instructor_id) values (20, 20);
insert into instructor_instrument (instrument_id, instructor_id) values (21, 1);
insert into instructor_instrument (instrument_id, instructor_id) values (22, 2);
insert into instructor_instrument (instrument_id, instructor_id) values (23, 3);
insert into instructor_instrument (instrument_id, instructor_id) values (24, 4);
insert into instructor_instrument (instrument_id, instructor_id) values (25, 5);
insert into instructor_instrument (instrument_id, instructor_id) values (26, 6);
insert into instructor_instrument (instrument_id, instructor_id) values (27, 7);
insert into instructor_instrument (instrument_id, instructor_id) values (28, 8);
insert into instructor_instrument (instrument_id, instructor_id) values (29, 9);
insert into instructor_instrument (instrument_id, instructor_id) values (30, 10);
insert into instructor_instrument (instrument_id, instructor_id) values (31, 11);
insert into instructor_instrument (instrument_id, instructor_id) values (32, 12);
insert into instructor_instrument (instrument_id, instructor_id) values (33, 13);
insert into instructor_instrument (instrument_id, instructor_id) values (34, 14);
insert into instructor_instrument (instrument_id, instructor_id) values (35, 15);
insert into instructor_instrument (instrument_id, instructor_id) values (36, 16);
insert into instructor_instrument (instrument_id, instructor_id) values (37, 17);
insert into instructor_instrument (instrument_id, instructor_id) values (38, 18);
insert into instructor_instrument (instrument_id, instructor_id) values (39, 19);
insert into instructor_instrument (instrument_id, instructor_id) values (40, 20);

-- lesson for individual
insert into  lesson (instrument_id, instructor_id, lesson_type, skill_level, start_time, end_time) values (1, 1, 'individual', 'Beginner', '2023-01-09 08:00:00', '2022-12-09 10:00:00');
insert into  lesson (instrument_id, instructor_id, lesson_type, skill_level, start_time, end_time) values (2, 2, 'individual', 'Beginner', '2023-01-09 10:00:00', '2022-12-09 12:00:00');
insert into  lesson (instrument_id, instructor_id, lesson_type, skill_level, start_time, end_time) values (3, 3, 'individual', 'Beginner', '2023-01-09 13:00:00', '2022-12-09 15:00:00');
insert into  lesson (instrument_id, instructor_id, lesson_type, skill_level, start_time, end_time) values (4, 4, 'individual', 'Beginner', '2023-11-11 08:00:00', '2022-12-11 10:00:00');
insert into  lesson (instrument_id, instructor_id, lesson_type, skill_level, start_time, end_time) values (5, 5, 'individual', 'Beginner', '2023-11-11 10:00:00', '2022-12-11 12:00:00');
insert into  lesson (instrument_id, instructor_id, lesson_type, skill_level, start_time, end_time) values (6, 6, 'individual', 'Beginner', '2023-12-11 13:00:00', '2022-12-11 15:00:00');
insert into  lesson (instrument_id, instructor_id, lesson_type, skill_level, start_time, end_time) values (7, 7, 'individual', 'Beginner', '2023-12-12 08:00:00', '2022-12-12 10:00:00');
insert into  lesson (instrument_id, instructor_id, lesson_type, skill_level, start_time, end_time) values (8, 8, 'individual', 'Beginner', '2023-12-12 10:00:00', '2022-12-12 12:00:00');
insert into  lesson (instrument_id, instructor_id, lesson_type, skill_level, start_time, end_time) values (9, 9, 'individual', 'Beginner', '2023-12-12 13:00:00', '2022-12-12 15:00:00');
insert into  lesson (instrument_id, instructor_id, lesson_type, skill_level, start_time, end_time) values (10, 10, 'individual', 'Beginner', '2023-01-13 08:00:00', '2022-12-13 10:00:00');
insert into  lesson (instrument_id, instructor_id, lesson_type, skill_level, start_time, end_time) values (11, 11, 'individual', 'Beginner', '2023-01-13 10:00:00', '2022-12-13 12:00:00');
insert into  lesson (instrument_id, instructor_id, lesson_type, skill_level, start_time, end_time) values (12, 12, 'individual', 'Beginner', '2023-11-13 13:00:00', '2022-12-13 15:00:00');
insert into  lesson (instrument_id, instructor_id, lesson_type, skill_level, start_time, end_time) values (13, 13, 'individual', 'Advanced', '2023-11-14 08:00:00', '2022-12-14 10:00:00');
insert into  lesson (instrument_id, instructor_id, lesson_type, skill_level, start_time, end_time) values (14, 14, 'individual', 'Advanced', '2023-11-14 10:00:00', '2022-12-14 12:00:00');
insert into  lesson (instrument_id, instructor_id, lesson_type, skill_level, start_time, end_time) values (15, 15, 'individual', 'Advanced', '2023-07-14 13:00:00', '2022-12-14 15:00:00');
insert into  lesson (instrument_id, instructor_id, lesson_type, skill_level, start_time, end_time) values (16, 16, 'individual', 'Advanced', '2023-07-15 08:00:00', '2022-12-15 10:00:00');
insert into  lesson (instrument_id, instructor_id, lesson_type, skill_level, start_time, end_time) values (17, 17, 'individual', 'Advanced', '2023-08-15 10:00:00', '2022-12-15 12:00:00');
insert into  lesson (instrument_id, instructor_id, lesson_type, skill_level, start_time, end_time) values (18, 18, 'individual', 'Advanced', '2023-10-15 13:00:00', '2022-12-15 15:00:00');
insert into  lesson (instrument_id, instructor_id, lesson_type, skill_level, start_time, end_time) values (19, 19, 'individual', 'Advanced', '2023-12-16 08:00:00', '2022-12-16 10:00:00');
insert into  lesson (instrument_id, instructor_id, lesson_type, skill_level, start_time, end_time) values (20, 20, 'individual', 'Advanced', '2023-12-16 10:00:00', '2022-12-16 12:00:00');
insert into  lesson (instrument_id, instructor_id, lesson_type, skill_level, start_time, end_time) values (21, 1, 'individual', 'Advanced', '2023-12-16 13:00:00', '2022-12-16 15:00:00');
insert into  lesson (instrument_id, instructor_id, lesson_type, skill_level, start_time, end_time) values (22, 2, 'individual', 'Advanced', '2023-12-17 08:00:00', '2022-12-17 10:00:00');
insert into  lesson (instrument_id, instructor_id, lesson_type, skill_level, start_time, end_time) values (23, 3, 'individual', 'Advanced', '2023-12-17 10:00:00', '2022-12-17 12:00:00');
insert into  lesson (instrument_id, instructor_id, lesson_type, skill_level, start_time, end_time) values (24, 4, 'individual', 'Advanced', '2023-12-17 13:00:00', '2022-12-17 15:00:00');
insert into  lesson (instrument_id, instructor_id, lesson_type, skill_level, start_time, end_time) values (25, 5, 'individual', 'Intermediate', '2023-01-18 08:00:00', '2022-12-18 10:00:00');
insert into  lesson (instrument_id, instructor_id, lesson_type, skill_level, start_time, end_time) values (26, 6, 'individual', 'Intermediate', '2023-01-18 10:00:00', '2022-12-18 12:00:00');
insert into  lesson (instrument_id, instructor_id, lesson_type, skill_level, start_time, end_time) values (27, 7, 'individual', 'Intermediate', '2023-03-18 13:00:00', '2022-12-18 15:00:00');
insert into  lesson (instrument_id, instructor_id, lesson_type, skill_level, start_time, end_time) values (28, 8, 'individual', 'Intermediate', '2023-03-19 08:00:00', '2022-12-19 10:00:00');
insert into  lesson (instrument_id, instructor_id, lesson_type, skill_level, start_time, end_time) values (29, 9, 'individual', 'Intermediate', '2023-03-19 10:00:00', '2022-12-19 12:00:00');
insert into  lesson (instrument_id, instructor_id, lesson_type, skill_level, start_time, end_time) values (30, 10, 'individual', 'Intermediate', '2023-11-19 13:00:00', '2022-12-19 15:00:00');
insert into  lesson (instrument_id, instructor_id, lesson_type, skill_level, start_time, end_time) values (31, 11, 'individual', 'Intermediate', '2023-11-20 08:00:00', '2022-12-20 10:00:00');
insert into  lesson (instrument_id, instructor_id, lesson_type, skill_level, start_time, end_time) values (32, 12, 'individual', 'Intermediate', '2023-11-20 10:00:00', '2022-12-20 12:00:00');
insert into  lesson (instrument_id, instructor_id, lesson_type, skill_level, start_time, end_time) values (33, 13,  'individual', 'Intermediate', '2023-11-20 13:00:00', '2022-12-20 15:00:00');
insert into  lesson (instrument_id, instructor_id, lesson_type, skill_level, start_time, end_time) values (34, 14,  'individual', 'Intermediate', '2023-12-21 08:00:00', '2022-12-21 10:00:00');
insert into  lesson (instrument_id, instructor_id, lesson_type, skill_level, start_time, end_time) values (35, 15,  'individual', 'Intermediate', '2023-12-21 10:00:00', '2022-12-21 12:00:00');
insert into  lesson (instrument_id, instructor_id, lesson_type, skill_level, start_time, end_time) values (36, 16,  'individual', 'Intermediate', '2023-12-21 13:00:00', '2022-12-21 15:00:00');
-- lesson for group
insert into  lesson (instrument_id, instructor_id, lesson_type, skill_level, start_time, end_time) values (9, 9,   'group', 'Beginner', '2023-12-26 08:00:00', '2022-12-26 10:00:00');
insert into  lesson (instrument_id, instructor_id, lesson_type, skill_level, start_time, end_time) values (10, 10, 'group', 'Beginner', '2023-12-26 10:00:00', '2022-12-26 12:00:00');
insert into  lesson (instrument_id, instructor_id, lesson_type, skill_level, start_time, end_time) values (11, 11, 'group', 'Beginner', '2023-12-26 13:00:00', '2022-12-26 15:00:00');
insert into  lesson (instrument_id, instructor_id, lesson_type, skill_level, start_time, end_time) values (12, 12, 'group', 'Beginner', '2023-12-27 08:00:00', '2022-12-27 10:00:00');
insert into  lesson (instrument_id, instructor_id, lesson_type, skill_level, start_time, end_time) values (13, 13, 'group', 'Advanced', '2023-12-27 10:00:00', '2022-12-27 12:00:00');
insert into  lesson (instrument_id, instructor_id, lesson_type, skill_level, start_time, end_time) values (14, 14, 'group', 'Advanced', '2023-12-27 13:00:00', '2022-12-27 15:00:00');
insert into  lesson (instrument_id, instructor_id, lesson_type, skill_level, start_time, end_time) values (15, 15, 'group', 'Advanced', '2023-12-28 08:00:00', '2022-12-28 10:00:00');
insert into  lesson (instrument_id, instructor_id, lesson_type, skill_level, start_time, end_time) values (16, 16, 'group', 'Advanced', '2023-12-28 10:00:00', '2022-12-28 12:00:00');
insert into  lesson (instrument_id, instructor_id, lesson_type, skill_level, start_time, end_time) values (17, 17, 'group', 'Intermediate', '2023-12-28 13:00:00', '2022-12-28 15:00:00');
insert into  lesson (instrument_id, instructor_id, lesson_type, skill_level, start_time, end_time) values (18, 18, 'group', 'Intermediate', '2023-12-29 08:00:00', '2022-12-29 10:00:00');
insert into  lesson (instrument_id, instructor_id, lesson_type, skill_level, start_time, end_time) values (19, 19, 'group', 'Intermediate', '2023-12-29 10:00:00', '2022-12-29 12:00:00');
insert into  lesson (instrument_id, instructor_id, lesson_type, skill_level, start_time, end_time) values (20, 20, 'group', 'Intermediate', '2023-12-29 13:00:00', '2022-12-29 15:00:00');
-- lesson for ensemble
insert into  lesson (instrument_id, instructor_id, lesson_type, skill_level, start_time, end_time) values (37, 17, 'ensemble', null, '2023-12-22 08:00:00', '2022-12-22 10:00:00');
insert into  lesson (instrument_id, instructor_id, lesson_type, skill_level, start_time, end_time) values (38, 18, 'ensemble', null, '2023-12-22 10:00:00', '2022-12-22 12:00:00');
insert into  lesson (instrument_id, instructor_id, lesson_type, skill_level, start_time, end_time) values (39, 19, 'ensemble', null, '2023-12-22 13:00:00', '2022-12-22 15:00:00');
insert into  lesson (instrument_id, instructor_id, lesson_type, skill_level, start_time, end_time) values (40, 20, 'ensemble', null, '2023-12-23 08:00:00', '2022-12-23 10:00:00');
insert into  lesson (instrument_id, instructor_id, lesson_type, skill_level, start_time, end_time) values (1, 1, 'ensemble',   null, '2023-12-23 10:00:00', '2022-12-23 12:00:00');
insert into  lesson (instrument_id, instructor_id, lesson_type, skill_level, start_time, end_time) values (2, 2, 'ensemble',   null, '2023-12-23 13:00:00', '2022-12-23 15:00:00');
insert into  lesson (instrument_id, instructor_id, lesson_type, skill_level, start_time, end_time) values (3, 3, 'ensemble',   null, '2023-12-24 08:00:00', '2022-12-24 10:00:00');
insert into  lesson (instrument_id, instructor_id, lesson_type, skill_level, start_time, end_time) values (4, 4, 'ensemble',   null, '2023-12-24 10:00:00', '2022-12-24 12:00:00');
insert into  lesson (instrument_id, instructor_id, lesson_type, skill_level, start_time, end_time) values (5, 5, 'ensemble',   null, '2023-12-24 13:00:00', '2022-12-24 15:00:00');
insert into  lesson (instrument_id, instructor_id, lesson_type, skill_level, start_time, end_time) values (6, 6, 'ensemble',   null, '2023-12-25 08:00:00', '2022-12-25 10:00:00');
insert into  lesson (instrument_id, instructor_id, lesson_type, skill_level, start_time, end_time) values (7, 7, 'ensemble',   null, '2023-12-25 10:00:00', '2022-12-25 12:00:00');
insert into  lesson (instrument_id, instructor_id, lesson_type, skill_level, start_time, end_time) values (8, 8, 'ensemble',   null, '2023-12-25 13:00:00', '2022-12-25 15:00:00');

-- parent cross-reference table
insert into parent (person_id, student_id) values (121, 1);
insert into parent (person_id, student_id) values (122, 2);
insert into parent (person_id, student_id) values (123, 3);
insert into parent (person_id, student_id) values (124, 4);
insert into parent (person_id, student_id) values (125, 5);
insert into parent (person_id, student_id) values (126, 6);
insert into parent (person_id, student_id) values (127, 7);
insert into parent (person_id, student_id) values (128, 8);
insert into parent (person_id, student_id) values (129, 9);
insert into parent (person_id, student_id) values (130, 10);
insert into parent (person_id, student_id) values (131, 11);
insert into parent (person_id, student_id) values (132, 12);
insert into parent (person_id, student_id) values (133, 13);
insert into parent (person_id, student_id) values (134, 14);
insert into parent (person_id, student_id) values (135, 15);
insert into parent (person_id, student_id) values (136, 16);
insert into parent (person_id, student_id) values (137, 17);
insert into parent (person_id, student_id) values (138, 18);
insert into parent (person_id, student_id) values (139, 19);
insert into parent (person_id, student_id) values (140, 20);
insert into parent (person_id, student_id) values (141, 21);
insert into parent (person_id, student_id) values (142, 22);
insert into parent (person_id, student_id) values (143, 23);
insert into parent (person_id, student_id) values (144, 24);
insert into parent (person_id, student_id) values (145, 25);
insert into parent (person_id, student_id) values (146, 26);
insert into parent (person_id, student_id) values (147, 27);
insert into parent (person_id, student_id) values (148, 28);
insert into parent (person_id, student_id) values (149, 29);
insert into parent (person_id, student_id) values (150, 30);
insert into parent (person_id, student_id) values (151, 31);
insert into parent (person_id, student_id) values (152, 32);
insert into parent (person_id, student_id) values (153, 33);
insert into parent (person_id, student_id) values (154, 34);
insert into parent (person_id, student_id) values (155, 35);
insert into parent (person_id, student_id) values (156, 36);
insert into parent (person_id, student_id) values (157, 37);
insert into parent (person_id, student_id) values (158, 38);
insert into parent (person_id, student_id) values (159, 39);
insert into parent (person_id, student_id) values (160, 40);
insert into parent (person_id, student_id) values (161, 41);
insert into parent (person_id, student_id) values (162, 42);
insert into parent (person_id, student_id) values (163, 43);
insert into parent (person_id, student_id) values (164, 44);
insert into parent (person_id, student_id) values (165, 45);
insert into parent (person_id, student_id) values (166, 46);
insert into parent (person_id, student_id) values (167, 47);
insert into parent (person_id, student_id) values (168, 48);
insert into parent (person_id, student_id) values (169, 49);
insert into parent (person_id, student_id) values (170, 50);

-- person_phone cross-reference table
insert into person_phone (phone_id, person_id) values (1, 1);
insert into person_phone (phone_id, person_id) values (2, 2);
insert into person_phone (phone_id, person_id) values (3, 3);
insert into person_phone (phone_id, person_id) values (4, 4);
insert into person_phone (phone_id, person_id) values (5, 5);
insert into person_phone (phone_id, person_id) values (6, 6);
insert into person_phone (phone_id, person_id) values (7, 7);
insert into person_phone (phone_id, person_id) values (8, 8);
insert into person_phone (phone_id, person_id) values (9, 9);
insert into person_phone (phone_id, person_id) values (10, 10);
insert into person_phone (phone_id, person_id) values (11, 11);
insert into person_phone (phone_id, person_id) values (12, 12);
insert into person_phone (phone_id, person_id) values (13, 13);
insert into person_phone (phone_id, person_id) values (14, 14);
insert into person_phone (phone_id, person_id) values (15, 15);
insert into person_phone (phone_id, person_id) values (16, 16);
insert into person_phone (phone_id, person_id) values (17, 17);
insert into person_phone (phone_id, person_id) values (18, 18);
insert into person_phone (phone_id, person_id) values (19, 19);
insert into person_phone (phone_id, person_id) values (20, 20);
insert into person_phone (phone_id, person_id) values (21, 21);
insert into person_phone (phone_id, person_id) values (22, 22);
insert into person_phone (phone_id, person_id) values (23, 23);
insert into person_phone (phone_id, person_id) values (24, 24);
insert into person_phone (phone_id, person_id) values (25, 25);
insert into person_phone (phone_id, person_id) values (26, 26);
insert into person_phone (phone_id, person_id) values (27, 27);
insert into person_phone (phone_id, person_id) values (28, 28);
insert into person_phone (phone_id, person_id) values (29, 29);
insert into person_phone (phone_id, person_id) values (30, 30);
insert into person_phone (phone_id, person_id) values (31, 31);
insert into person_phone (phone_id, person_id) values (32, 32);
insert into person_phone (phone_id, person_id) values (33, 33);
insert into person_phone (phone_id, person_id) values (34, 34);
insert into person_phone (phone_id, person_id) values (35, 35);
insert into person_phone (phone_id, person_id) values (36, 36);
insert into person_phone (phone_id, person_id) values (37, 37);
insert into person_phone (phone_id, person_id) values (38, 38);
insert into person_phone (phone_id, person_id) values (39, 39);
insert into person_phone (phone_id, person_id) values (40, 40);
insert into person_phone (phone_id, person_id) values (41, 41);
insert into person_phone (phone_id, person_id) values (42, 42);
insert into person_phone (phone_id, person_id) values (43, 43);
insert into person_phone (phone_id, person_id) values (44, 44);
insert into person_phone (phone_id, person_id) values (45, 45);
insert into person_phone (phone_id, person_id) values (46, 46);
insert into person_phone (phone_id, person_id) values (47, 47);
insert into person_phone (phone_id, person_id) values (48, 48);
insert into person_phone (phone_id, person_id) values (49, 49);
insert into person_phone (phone_id, person_id) values (50, 50);
insert into person_phone (phone_id, person_id) values (51, 51);
insert into person_phone (phone_id, person_id) values (52, 52);
insert into person_phone (phone_id, person_id) values (53, 53);
insert into person_phone (phone_id, person_id) values (54, 54);
insert into person_phone (phone_id, person_id) values (55, 55);
insert into person_phone (phone_id, person_id) values (56, 56);
insert into person_phone (phone_id, person_id) values (57, 57);
insert into person_phone (phone_id, person_id) values (58, 58);
insert into person_phone (phone_id, person_id) values (59, 59);
insert into person_phone (phone_id, person_id) values (60, 60);
insert into person_phone (phone_id, person_id) values (61, 61);
insert into person_phone (phone_id, person_id) values (62, 62);
insert into person_phone (phone_id, person_id) values (63, 63);
insert into person_phone (phone_id, person_id) values (64, 64);
insert into person_phone (phone_id, person_id) values (65, 65);
insert into person_phone (phone_id, person_id) values (66, 66);
insert into person_phone (phone_id, person_id) values (67, 67);
insert into person_phone (phone_id, person_id) values (68, 68);
insert into person_phone (phone_id, person_id) values (69, 69);
insert into person_phone (phone_id, person_id) values (70, 70);
insert into person_phone (phone_id, person_id) values (71, 71);
insert into person_phone (phone_id, person_id) values (72, 72);
insert into person_phone (phone_id, person_id) values (73, 73);
insert into person_phone (phone_id, person_id) values (74, 74);
insert into person_phone (phone_id, person_id) values (75, 75);
insert into person_phone (phone_id, person_id) values (76, 76);
insert into person_phone (phone_id, person_id) values (77, 77);
insert into person_phone (phone_id, person_id) values (78, 78);
insert into person_phone (phone_id, person_id) values (79, 79);
insert into person_phone (phone_id, person_id) values (80, 80);
insert into person_phone (phone_id, person_id) values (81, 81);
insert into person_phone (phone_id, person_id) values (82, 82);
insert into person_phone (phone_id, person_id) values (83, 83);
insert into person_phone (phone_id, person_id) values (84, 84);
insert into person_phone (phone_id, person_id) values (85, 85);
insert into person_phone (phone_id, person_id) values (86, 86);
insert into person_phone (phone_id, person_id) values (87, 87);
insert into person_phone (phone_id, person_id) values (88, 88);
insert into person_phone (phone_id, person_id) values (89, 89);
insert into person_phone (phone_id, person_id) values (90, 90);
insert into person_phone (phone_id, person_id) values (91, 91);
insert into person_phone (phone_id, person_id) values (92, 92);
insert into person_phone (phone_id, person_id) values (93, 93);
insert into person_phone (phone_id, person_id) values (94, 94);
insert into person_phone (phone_id, person_id) values (95, 95);
insert into person_phone (phone_id, person_id) values (96, 96);
insert into person_phone (phone_id, person_id) values (97, 97);
insert into person_phone (phone_id, person_id) values (98, 98);
insert into person_phone (phone_id, person_id) values (99, 99);
insert into person_phone (phone_id, person_id) values (100, 100);

-- sibling  cross-reference table
insert into sibling (person_id, student_id) values (11, 1);
insert into sibling (person_id, student_id) values (12, 2);
insert into sibling (person_id, student_id) values (13, 3);
insert into sibling (person_id, student_id) values (14, 4);
insert into sibling (person_id, student_id) values (15, 5);
insert into sibling (person_id, student_id) values (16, 6);
insert into sibling (person_id, student_id) values (17, 7);
insert into sibling (person_id, student_id) values (18, 8);
insert into sibling (person_id, student_id) values (19, 8);
insert into sibling (person_id, student_id) values (20, 9);
insert into sibling (person_id, student_id) values (21, 9);
insert into sibling (person_id, student_id) values (22, 10);
insert into sibling (person_id, student_id) values (23, 10);
insert into sibling (person_id, student_id) values (24, 11);
insert into sibling (person_id, student_id) values (25, 11);
insert into sibling (person_id, student_id) values (26, 12);
insert into sibling (person_id, student_id) values (27, 12);
insert into sibling (person_id, student_id) values (27, 13);
insert into sibling (person_id, student_id) values (29, 13);
insert into sibling (person_id, student_id) values (30, 14);
insert into sibling (person_id, student_id) values (31, 14);
insert into sibling (person_id, student_id) values (32, 15);
insert into sibling (person_id, student_id) values (33, 15);
insert into sibling (person_id, student_id) values (34, 16);
insert into sibling (person_id, student_id) values (35, 17);
insert into sibling (person_id, student_id) values (36, 18);
insert into sibling (person_id, student_id) values (37, 19);
insert into sibling (person_id, student_id) values (38, 20);
insert into sibling (person_id, student_id) values (39, 21);
insert into sibling (person_id, student_id) values (40, 22);
insert into sibling (person_id, student_id) values (41, 23);
insert into sibling (person_id, student_id) values (42, 24);
insert into sibling (person_id, student_id) values (43, 25);
insert into sibling (person_id, student_id) values (44, 26);

-- student_payment
insert into student_payment (student_id, contract_of_rental_id, discount) values (1, 1, 0.1);
insert into student_payment (student_id, contract_of_rental_id, discount) values (2, 2, 0.7);
insert into student_payment (student_id, contract_of_rental_id, discount) values (3, 3, 0.5);
insert into student_payment (student_id, contract_of_rental_id, discount) values (4, 4, 0.9);
insert into student_payment (student_id, contract_of_rental_id, discount) values (5, 5, 0.4);
insert into student_payment (student_id, contract_of_rental_id, discount) values (6, 6, 0.5);
insert into student_payment (student_id, contract_of_rental_id, discount) values (7, 7, 0.5);
insert into student_payment (student_id, contract_of_rental_id, discount) values (8, 8, 0.3);
insert into student_payment (student_id, contract_of_rental_id, discount) values (9, 9, 0.6);
insert into student_payment (student_id, contract_of_rental_id, discount) values (10, 10, 0.0);
insert into student_payment (student_id, contract_of_rental_id, discount) values (11, 11, 1.0);
insert into student_payment (student_id, contract_of_rental_id, discount) values (12, 12, 1.0);
insert into student_payment (student_id, contract_of_rental_id, discount) values (13, 13, 0.4);
insert into student_payment (student_id, contract_of_rental_id, discount) values (14, 14, 0.2);
insert into student_payment (student_id, contract_of_rental_id, discount) values (15, 15, 0.0);
insert into student_payment (student_id, contract_of_rental_id, discount) values (16, 16, 0.6);
insert into student_payment (student_id, contract_of_rental_id, discount) values (17, 17, 1.0);
insert into student_payment (student_id, contract_of_rental_id, discount) values (18, 18, 0.6);
insert into student_payment (student_id, contract_of_rental_id, discount) values (19, 19, 0.1);
insert into student_payment (student_id, contract_of_rental_id, discount) values (20, 20, 0.5);

insert into available_lesson (instructor_id, lesson_type, time, skill_level) values (1, 'individual', '2023-01-26 17:33:03', 'Beginner');
insert into available_lesson (instructor_id, lesson_type, time, skill_level) values (2, 'individual', '2023-01-29 06:26:54', 'Beginner');
insert into available_lesson (instructor_id, lesson_type, time, skill_level) values (3, 'individual', '2023-01-23 13:41:24', 'Beginner');
insert into available_lesson (instructor_id, lesson_type, time, skill_level) values (4, 'individual', '2022-12-24 17:18:27', 'Beginner');
insert into available_lesson (instructor_id, lesson_type, time, skill_level) values (5, 'individual', '2023-01-29 11:36:48', 'Beginner');
insert into available_lesson (instructor_id, lesson_type, time, skill_level) values (6, 'individual', '2022-12-29 19:18:40', 'Beginner');
insert into available_lesson (instructor_id, lesson_type, time, skill_level) values (7, 'individual', '2023-01-13 03:26:41', 'Beginner');
insert into available_lesson (instructor_id, lesson_type, time, skill_level) values (8, 'individual', '2022-12-28 08:17:33', 'Beginner');
insert into available_lesson (instructor_id, lesson_type, time, skill_level) values (9, 'individual', '2023-01-23 07:52:57', 'Beginner');
insert into available_lesson (instructor_id, lesson_type, time, skill_level) values (10, 'individual', '2023-01-20 16:55:49', 'Beginner');
insert into available_lesson (instructor_id, lesson_type, time, skill_level) values (11, 'individual', '2022-12-19 09:55:46', 'Advanced');
insert into available_lesson (instructor_id, lesson_type, time, skill_level) values (12, 'individual', '2022-12-16 10:25:40', 'Advanced');
insert into available_lesson (instructor_id, lesson_type, time, skill_level) values (13, 'individual', '2022-12-10 14:07:03', 'Advanced');
insert into available_lesson (instructor_id, lesson_type, time, skill_level) values (14, 'individual', '2023-01-08 03:00:32', 'Advanced');
insert into available_lesson (instructor_id, lesson_type, time, skill_level) values (15, 'individual', '2022-12-18 21:13:20', 'Advanced');
insert into available_lesson (instructor_id, lesson_type, time, skill_level) values (16, 'individual', '2023-01-20 22:16:50', 'Advanced');
insert into available_lesson (instructor_id, lesson_type, time, skill_level) values (17, 'individual', '2023-01-07 07:31:21', 'Advanced');
insert into available_lesson (instructor_id, lesson_type, time, skill_level) values (18, 'individual', '2023-01-22 05:41:21', 'Advanced');
insert into available_lesson (instructor_id, lesson_type, time, skill_level) values (19, 'individual', '2022-12-10 12:26:11', 'Advanced');
insert into available_lesson (instructor_id, lesson_type, time, skill_level) values (20, 'individual', '2022-12-12 11:51:28', 'Advanced');
insert into available_lesson (instructor_id, lesson_type, time, skill_level) values (1, 'individual', '2023-01-11 17:58:13', 'Intermediate');
insert into available_lesson (instructor_id, lesson_type, time, skill_level) values (2, 'individual', '2023-01-09 00:14:42', 'Intermediate');
insert into available_lesson (instructor_id, lesson_type, time, skill_level) values (3, 'individual', '2023-01-15 14:15:14', 'Intermediate');
insert into available_lesson (instructor_id, lesson_type, time, skill_level) values (4, 'individual', '2023-01-03 20:39:07', 'Intermediate');
insert into available_lesson (instructor_id, lesson_type, time, skill_level) values (5, 'individual', '2023-01-18 03:46:19', 'Intermediate');
insert into available_lesson (instructor_id, lesson_type, time, skill_level) values (6, 'individual', '2022-12-11 15:38:10', 'Intermediate');
insert into available_lesson (instructor_id, lesson_type, time, skill_level) values (7, 'individual', '2022-12-16 04:58:23', 'Intermediate');
insert into available_lesson (instructor_id, lesson_type, time, skill_level) values (8, 'individual', '2022-12-16 15:25:42', 'Intermediate');
insert into available_lesson (instructor_id, lesson_type, time, skill_level) values (9, 'individual', '2023-01-08 22:54:55', 'Intermediate');
insert into available_lesson (instructor_id, lesson_type, time, skill_level) values (10, 'individual', '2022-12-27 15:45:32', 'Intermediate');
--  available_lesson  for group and ensemble
insert into available_lesson (instructor_id, lesson_type, time, skill_level) values (1, 'group', '2023-01-26 17:33:03', 'Beginner');
insert into available_lesson (instructor_id, lesson_type, time, skill_level) values (2, 'group', '2023-01-29 06:26:54', 'Beginner');
insert into available_lesson (instructor_id, lesson_type, time, skill_level) values (3, 'group', '2023-01-23 13:41:24', 'Beginner');
insert into available_lesson (instructor_id, lesson_type, time, skill_level) values (4, 'group', '2022-12-24 17:18:27', 'Beginner');
insert into available_lesson (instructor_id, lesson_type, time, skill_level) values (5, 'group', '2023-01-29 11:36:48', 'Beginner');
insert into available_lesson (instructor_id, lesson_type, time, skill_level) values (6, 'group', '2022-12-29 19:18:40', 'Intermediate');
insert into available_lesson (instructor_id, lesson_type, time, skill_level) values (7, 'group', '2023-01-13 03:26:41', 'Intermediate');
insert into available_lesson (instructor_id, lesson_type, time, skill_level) values (8, 'group', '2022-12-28 08:17:33', 'Intermediate');
insert into available_lesson (instructor_id, lesson_type, time, skill_level) values (9, 'group', '2023-01-23 07:52:57', 'Intermediate');
insert into available_lesson (instructor_id, lesson_type, time, skill_level) values (10, 'group', '2023-01-20 16:55:49', 'Intermediate');
insert into available_lesson (instructor_id, lesson_type, time, skill_level) values (11, 'group', '2022-12-19 09:55:46', 'Advanced');
insert into available_lesson (instructor_id, lesson_type, time, skill_level) values (12, 'group', '2022-12-16 10:25:40', 'Advanced');
insert into available_lesson (instructor_id, lesson_type, time, skill_level) values (13, 'group', '2022-12-10 14:07:03', 'Advanced');
insert into available_lesson (instructor_id, lesson_type, time, skill_level) values (14, 'group', '2023-01-08 03:00:32', 'Advanced');
insert into available_lesson (instructor_id, lesson_type, time, skill_level) values (15, 'group', '2022-12-18 21:13:20', 'Advanced');
--  available_lesson for ensemble
insert into available_lesson (instructor_id, lesson_type, time, skill_level) values (1, 'ensemble', '2023-01-01 22:16:50', null);
insert into available_lesson (instructor_id, lesson_type, time, skill_level) values (2, 'ensemble', '2023-01-02 22:16:50', null);
insert into available_lesson (instructor_id, lesson_type, time, skill_level) values (3, 'ensemble', '2023-01-03 07:31:21', null);
insert into available_lesson (instructor_id, lesson_type, time, skill_level) values (4, 'ensemble', '2023-01-04 05:41:21', null);
insert into available_lesson (instructor_id, lesson_type, time, skill_level) values (5, 'ensemble', '2023-01-05 12:26:11', null);
insert into available_lesson (instructor_id, lesson_type, time, skill_level) values (6, 'ensemble', '2023-01-06 11:51:28', null);
insert into available_lesson (instructor_id, lesson_type, time, skill_level) values (7, 'ensemble', '2023-01-07 17:58:13', null);
insert into available_lesson (instructor_id, lesson_type, time, skill_level) values (8, 'ensemble', '2023-01-08 00:14:42', null);
insert into available_lesson (instructor_id, lesson_type, time, skill_level) values (9, 'ensemble', '2023-01-09 14:15:14', null);
insert into available_lesson (instructor_id, lesson_type, time, skill_level) values (10, 'ensemble', '2023-01-10 20:39:07', null);
insert into available_lesson (instructor_id, lesson_type, time, skill_level) values (11, 'ensemble', '2023-01-11 03:46:19', null);
insert into available_lesson (instructor_id, lesson_type, time, skill_level) values (12, 'ensemble', '2023-01-12 15:38:10', null);
insert into available_lesson (instructor_id, lesson_type, time, skill_level) values (13, 'ensemble', '2023-01-13 04:58:23', null);
insert into available_lesson (instructor_id, lesson_type, time, skill_level) values (14, 'ensemble', '2023-01-14 15:25:42', null);
insert into available_lesson (instructor_id, lesson_type, time, skill_level) values (15, 'ensemble', '2023-01-15 22:54:55', null);

-- group_lesson table
insert into group_lesson ( min_no_students,  max_no_students, scheduled_lesson_id, skill_level, genre) values (36, 89, 1, 'Beginner', null);
insert into group_lesson ( min_no_students,  max_no_students, scheduled_lesson_id, skill_level, genre) values (27, 88, 2, 'Beginner', null);
insert into group_lesson ( min_no_students,  max_no_students, scheduled_lesson_id, skill_level, genre) values (19, 79, 3, 'Beginner', null);
insert into group_lesson ( min_no_students,  max_no_students, scheduled_lesson_id, skill_level, genre) values (38, 93, 4, 'Beginner', null);
insert into group_lesson ( min_no_students,  max_no_students, scheduled_lesson_id, skill_level, genre) values (13, 70, 5, 'Beginner', null);
insert into group_lesson ( min_no_students,  max_no_students, scheduled_lesson_id, skill_level, genre) values (22, 87, 6, 'Beginner', null);
insert into group_lesson ( min_no_students,  max_no_students, scheduled_lesson_id, skill_level, genre) values (25, 84, 7, 'Beginner', null);
insert into group_lesson ( min_no_students,  max_no_students, scheduled_lesson_id, skill_level, genre) values (21, 84, 8, 'Beginner', null);
insert into group_lesson ( min_no_students,  max_no_students, scheduled_lesson_id, skill_level, genre) values (22, 83, 9, 'Beginner', null);
insert into group_lesson ( min_no_students,  max_no_students, scheduled_lesson_id, skill_level, genre) values (33, 80, 10, 'Beginner', null);
insert into group_lesson ( min_no_students,  max_no_students, scheduled_lesson_id, skill_level, genre) values (26, 55, 11, 'Beginner', null);
insert into group_lesson ( min_no_students,  max_no_students, scheduled_lesson_id, skill_level, genre) values (23, 85, 12, 'Beginner', null);
insert into group_lesson ( min_no_students,  max_no_students, scheduled_lesson_id, skill_level, genre) values (16, 69, 13, 'Beginner', null);
insert into group_lesson ( min_no_students,  max_no_students, scheduled_lesson_id, skill_level, genre) values (13, 68, 14, 'Beginner', null);
insert into group_lesson ( min_no_students,  max_no_students, scheduled_lesson_id, skill_level, genre) values (33, 64, 15, 'Beginner', null);
insert into group_lesson ( min_no_students,  max_no_students, scheduled_lesson_id, skill_level, genre) values (29, 83, 16, 'Beginner', null);
insert into group_lesson ( min_no_students,  max_no_students, scheduled_lesson_id, skill_level, genre) values (21, 70, 17, 'Beginner', null);
insert into group_lesson ( min_no_students,  max_no_students, scheduled_lesson_id, skill_level, genre) values (27, 81, 18, 'Beginner', null);
insert into group_lesson ( min_no_students,  max_no_students, scheduled_lesson_id, skill_level, genre) values (11, 74, 19, 'Beginner', null);
insert into group_lesson ( min_no_students,  max_no_students, scheduled_lesson_id, skill_level, genre) values (35, 62, 20, 'Beginner', null);
insert into group_lesson ( min_no_students,  max_no_students, scheduled_lesson_id, skill_level, genre) values (26, 68, 21, 'Advanced', null);
insert into group_lesson ( min_no_students,  max_no_students, scheduled_lesson_id, skill_level, genre) values (31, 73, 22, 'Advanced', null);
insert into group_lesson ( min_no_students,  max_no_students, scheduled_lesson_id, skill_level, genre) values (32, 53, 23, 'Advanced', null);
insert into group_lesson ( min_no_students,  max_no_students, scheduled_lesson_id, skill_level, genre) values (26, 67, 24, 'Advanced', null);
insert into group_lesson ( min_no_students,  max_no_students, scheduled_lesson_id, skill_level, genre) values (38, 96, 25, 'Advanced', null);
insert into group_lesson ( min_no_students,  max_no_students, scheduled_lesson_id, skill_level, genre) values (26, 52, 26, 'Advanced', null);
insert into group_lesson ( min_no_students,  max_no_students, scheduled_lesson_id, skill_level, genre) values (32, 88, 27, 'Advanced', null);
insert into group_lesson ( min_no_students,  max_no_students, scheduled_lesson_id, skill_level, genre) values (33, 60, 28, 'Advanced', null);
insert into group_lesson ( min_no_students,  max_no_students, scheduled_lesson_id, skill_level, genre) values (34, 87, 29, 'Advanced', null);
insert into group_lesson ( min_no_students,  max_no_students, scheduled_lesson_id, skill_level, genre) values (22, 80, 30, 'Advanced', null);
insert into group_lesson ( min_no_students,  max_no_students, scheduled_lesson_id, skill_level, genre) values (23, 53, 31, 'Advanced', null);
insert into group_lesson ( min_no_students,  max_no_students, scheduled_lesson_id, skill_level, genre) values (37, 79, 32, 'Advanced', null);
insert into group_lesson ( min_no_students,  max_no_students, scheduled_lesson_id, skill_level, genre) values (30, 73, 33, 'Advanced', null);
insert into group_lesson ( min_no_students,  max_no_students, scheduled_lesson_id, skill_level, genre) values (24, 85, 34, 'Advanced', null);
insert into group_lesson ( min_no_students,  max_no_students, scheduled_lesson_id, skill_level, genre) values (21, 71, 35, 'Advanced', null);
insert into group_lesson ( min_no_students,  max_no_students, scheduled_lesson_id, skill_level, genre) values (29, 59, 36, 'Advanced', null);
insert into group_lesson ( min_no_students,  max_no_students, scheduled_lesson_id, skill_level, genre) values (11, 52, 37, 'Advanced', null);
insert into group_lesson ( min_no_students,  max_no_students, scheduled_lesson_id, skill_level, genre) values (39, 66, 38, 'Advanced', null);
insert into group_lesson ( min_no_students,  max_no_students, scheduled_lesson_id, skill_level, genre) values (15, 64, 39, 'Advanced', null);
insert into group_lesson ( min_no_students,  max_no_students, scheduled_lesson_id, skill_level, genre) values (32, 99, 40, 'Advanced', null);
insert into group_lesson ( min_no_students,  max_no_students, scheduled_lesson_id, skill_level, genre) values (29, 59, 41, 'Advanced', null);
insert into group_lesson ( min_no_students,  max_no_students, scheduled_lesson_id, skill_level, genre) values (11, 52, 42, 'Advanced', null);
insert into group_lesson ( min_no_students,  max_no_students, scheduled_lesson_id, skill_level, genre) values (39, 66, 43, 'Advanced', null);
insert into group_lesson ( min_no_students,  max_no_students, scheduled_lesson_id, skill_level, genre) values (15, 20, 44, 'Advanced', null);
insert into group_lesson ( min_no_students,  max_no_students, scheduled_lesson_id, skill_level, genre) values (10, 15, 45, 'Advanced', null);
-- group_lesson table for ensemble
insert into group_lesson ( min_no_students,  max_no_students, scheduled_lesson_id, skill_level, genre) values (4, 6, 46, 'Intermediate', 'punk rock');
insert into group_lesson ( min_no_students,  max_no_students, scheduled_lesson_id, skill_level, genre) values (3, 7, 47, 'Intermediate', 'gospel band');
insert into group_lesson ( min_no_students,  max_no_students, scheduled_lesson_id, skill_level, genre) values (5, 9, 48, 'Intermediate', 'Soul music and R&B');
insert into group_lesson ( min_no_students,  max_no_students, scheduled_lesson_id, skill_level, genre) values (2, 5, 49, 'Intermediate', 'Polka');
insert into group_lesson ( min_no_students,  max_no_students, scheduled_lesson_id, skill_level, genre) values (5, 7, 50, 'Intermediate', 'Masonry & Precast');
insert into group_lesson ( min_no_students,  max_no_students, scheduled_lesson_id, skill_level, genre) values (4, 8, 51, 'Intermediate', 'Retaining Wall and Brick Pavers');
insert into group_lesson ( min_no_students,  max_no_students, scheduled_lesson_id, skill_level, genre) values (2, 6, 52, 'Intermediate', 'Religious music');
insert into group_lesson ( min_no_students,  max_no_students, scheduled_lesson_id, skill_level, genre) values (3, 7, 53, 'Intermediate', 'Traditional and folk music');
insert into group_lesson ( min_no_students,  max_no_students, scheduled_lesson_id, skill_level, genre) values (5, 7, 54, 'Intermediate', 'Country music');
insert into group_lesson ( min_no_students,  max_no_students, scheduled_lesson_id, skill_level, genre) values (2, 5, 55, 'Intermediate', 'Electronic music');
insert into group_lesson ( min_no_students,  max_no_students, scheduled_lesson_id, skill_level, genre) values (1, 4, 56, 'Intermediate', 'Funk');
insert into group_lesson ( min_no_students,  max_no_students, scheduled_lesson_id, skill_level, genre) values (8, 14, 57, 'Intermediate', 'Hip hop music');
insert into group_lesson ( min_no_students,  max_no_students, scheduled_lesson_id, skill_level, genre) values (6, 12, 58, 'Intermediate', 'Rock');
insert into group_lesson ( min_no_students,  max_no_students, scheduled_lesson_id, skill_level, genre) values (5, 13, 59, 'Intermediate', 'Jazz');
insert into group_lesson ( min_no_students,  max_no_students, scheduled_lesson_id, skill_level, genre) values (9, 14, 60, 'Intermediate', 'Pop music');

-- group_student cross-reference table
insert into group_student (group_lesson_id, student_id) values (46, 1);
insert into group_student (group_lesson_id, student_id) values (46, 2);
insert into group_student (group_lesson_id, student_id) values (46, 3);
insert into group_student (group_lesson_id, student_id) values (46, 4);
insert into group_student (group_lesson_id, student_id) values (46, 5);
insert into group_student (group_lesson_id, student_id) values (46, 6);
insert into group_student (group_lesson_id, student_id) values (47, 7);
insert into group_student (group_lesson_id, student_id) values (47, 8);
insert into group_student (group_lesson_id, student_id) values (47, 9);
insert into group_student (group_lesson_id, student_id) values (47, 10);
insert into group_student (group_lesson_id, student_id) values (47, 11);
insert into group_student (group_lesson_id, student_id) values (47, 12);
insert into group_student (group_lesson_id, student_id) values (48, 13);
insert into group_student (group_lesson_id, student_id) values (48, 14);
insert into group_student (group_lesson_id, student_id) values (48, 15);
insert into group_student (group_lesson_id, student_id) values (48, 16);
insert into group_student (group_lesson_id, student_id) values (48, 17);
insert into group_student (group_lesson_id, student_id) values (48, 18);
insert into group_student (group_lesson_id, student_id) values (48, 19);
insert into group_student (group_lesson_id, student_id) values (49, 20);
insert into group_student (group_lesson_id, student_id) values (49, 21);
insert into group_student (group_lesson_id, student_id) values (49, 22);
insert into group_student (group_lesson_id, student_id) values (49, 23);
insert into group_student (group_lesson_id, student_id) values (49, 24);
insert into group_student (group_lesson_id, student_id) values (50, 25);
insert into group_student (group_lesson_id, student_id) values (50, 26);
insert into group_student (group_lesson_id, student_id) values (50, 27);
insert into group_student (group_lesson_id, student_id) values (50, 30);
insert into group_student (group_lesson_id, student_id) values (50, 31);
insert into group_student (group_lesson_id, student_id) values (51, 32);
insert into group_student (group_lesson_id, student_id) values (51, 33);
insert into group_student (group_lesson_id, student_id) values (51, 34);
insert into group_student (group_lesson_id, student_id) values (51, 35);
insert into group_student (group_lesson_id, student_id) values (52, 36);
insert into group_student (group_lesson_id, student_id) values (52, 37);
insert into group_student (group_lesson_id, student_id) values (52, 38);
insert into group_student (group_lesson_id, student_id) values (53, 39);
insert into group_student (group_lesson_id, student_id) values (53, 40);
insert into group_student (group_lesson_id, student_id) values (53, 41);
insert into group_student (group_lesson_id, student_id) values (53, 42);
insert into group_student (group_lesson_id, student_id) values (54, 43);
insert into group_student (group_lesson_id, student_id) values (54, 44);
insert into group_student (group_lesson_id, student_id) values (54, 45);
insert into group_student (group_lesson_id, student_id) values (54, 46);
insert into group_student (group_lesson_id, student_id) values (54, 47);
insert into group_student (group_lesson_id, student_id) values (55, 48);
insert into group_student (group_lesson_id, student_id) values (55, 49);
insert into group_student (group_lesson_id, student_id) values (56, 50);
insert into group_student (group_lesson_id, student_id) values (56, 51);
insert into group_student (group_lesson_id, student_id) values (56, 52);
insert into group_student (group_lesson_id, student_id) values (56, 53);
insert into group_student (group_lesson_id, student_id) values (57, 54);
insert into group_student (group_lesson_id, student_id) values (57, 55);
insert into group_student (group_lesson_id, student_id) values (57, 56);
insert into group_student (group_lesson_id, student_id) values (57, 57);
insert into group_student (group_lesson_id, student_id) values (57, 58);
insert into group_student (group_lesson_id, student_id) values (57, 59);
insert into group_student (group_lesson_id, student_id) values (57, 60);
insert into group_student (group_lesson_id, student_id) values (57, 61);
insert into group_student (group_lesson_id, student_id) values (58, 62);
insert into group_student (group_lesson_id, student_id) values (58, 63);
insert into group_student (group_lesson_id, student_id) values (58, 64);
insert into group_student (group_lesson_id, student_id) values (58, 65);
insert into group_student (group_lesson_id, student_id) values (58, 66);
insert into group_student (group_lesson_id, student_id) values (58, 67);
insert into group_student (group_lesson_id, student_id) values (59, 68);
insert into group_student (group_lesson_id, student_id) values (59, 69);
insert into group_student (group_lesson_id, student_id) values (59, 70);
insert into group_student (group_lesson_id, student_id) values (59, 71);
insert into group_student (group_lesson_id, student_id) values (59, 72);
insert into group_student (group_lesson_id, student_id) values (59, 73);
insert into group_student (group_lesson_id, student_id) values (59, 74);
insert into group_student (group_lesson_id, student_id) values (59, 75);
insert into group_student (group_lesson_id, student_id) values (59, 76);
insert into group_student (group_lesson_id, student_id) values (59, 77);
insert into group_student (group_lesson_id, student_id) values (59, 78);
insert into group_student (group_lesson_id, student_id) values (59, 79);
insert into group_student (group_lesson_id, student_id) values (59, 80);
insert into group_student (group_lesson_id, student_id) values (60, 81);
insert into group_student (group_lesson_id, student_id) values (60, 82);
insert into group_student (group_lesson_id, student_id) values (60, 83);
insert into group_student (group_lesson_id, student_id) values (60, 84);
insert into group_student (group_lesson_id, student_id) values (60, 85);
insert into group_student (group_lesson_id, student_id) values (60, 86);
insert into group_student (group_lesson_id, student_id) values (60, 87);
insert into group_student (group_lesson_id, student_id) values (60, 88);
insert into group_student (group_lesson_id, student_id) values (60, 89);
insert into group_student (group_lesson_id, student_id) values (60, 90);
insert into group_student (group_lesson_id, student_id) values (60, 91);
insert into group_student (group_lesson_id, student_id) values (60, 92);
insert into group_student (group_lesson_id, student_id) values (60, 93);

-- individual_lesson cross-reference table
insert into individual_lesson (student_id, available_lesson_id) values (51, 1);
insert into individual_lesson (student_id, available_lesson_id) values (52, 2);
insert into individual_lesson (student_id, available_lesson_id) values (53, 3);
insert into individual_lesson (student_id, available_lesson_id) values (54, 4);
insert into individual_lesson (student_id, available_lesson_id) values (55, 5);
insert into individual_lesson (student_id, available_lesson_id) values (56, 6);
insert into individual_lesson (student_id, available_lesson_id) values (57, 7);
insert into individual_lesson (student_id, available_lesson_id) values (58, 8);
insert into individual_lesson (student_id, available_lesson_id) values (59, 9);
insert into individual_lesson (student_id, available_lesson_id) values (60, 10);
insert into individual_lesson (student_id, available_lesson_id) values (61, 11);
insert into individual_lesson (student_id, available_lesson_id) values (62, 12);
insert into individual_lesson (student_id, available_lesson_id) values (63, 13);
insert into individual_lesson (student_id, available_lesson_id) values (64, 14);
insert into individual_lesson (student_id, available_lesson_id) values (65, 15);
insert into individual_lesson (student_id, available_lesson_id) values (66, 16);
insert into individual_lesson (student_id, available_lesson_id) values (67, 17);
insert into individual_lesson (student_id, available_lesson_id) values (68, 18);
insert into individual_lesson (student_id, available_lesson_id) values (69, 19);
insert into individual_lesson (student_id, available_lesson_id) values (70, 20);
insert into individual_lesson (student_id, available_lesson_id) values (71, 21);
insert into individual_lesson (student_id, available_lesson_id) values (72, 22);
insert into individual_lesson (student_id, available_lesson_id) values (73, 23);
insert into individual_lesson (student_id, available_lesson_id) values (74, 24);
insert into individual_lesson (student_id, available_lesson_id) values (75, 25);
insert into individual_lesson (student_id, available_lesson_id) values (76, 26);
insert into individual_lesson (student_id, available_lesson_id) values (77, 27);
insert into individual_lesson (student_id, available_lesson_id) values (78, 28);
insert into individual_lesson (student_id, available_lesson_id) values (79, 29);
insert into individual_lesson (student_id, available_lesson_id) values (80, 30);

-- instructor_payment
insert into instructor_payment (instructor_id, lesson_id, worked_hours) values (1, 1, 1);
insert into instructor_payment (instructor_id, lesson_id, worked_hours) values (2, 2, 2);
insert into instructor_payment (instructor_id, lesson_id, worked_hours) values (3, 3, 3);
insert into instructor_payment (instructor_id, lesson_id, worked_hours) values (4, 4, 4);
insert into instructor_payment (instructor_id, lesson_id, worked_hours) values (5, 5, 5);
insert into instructor_payment (instructor_id, lesson_id, worked_hours) values (6, 6, 6);
insert into instructor_payment (instructor_id, lesson_id, worked_hours) values (7, 7, 7);
insert into instructor_payment (instructor_id, lesson_id, worked_hours) values (8, 8, 8);
insert into instructor_payment (instructor_id, lesson_id, worked_hours) values (9, 9, 9);
insert into instructor_payment (instructor_id, lesson_id, worked_hours) values (10, 10, 10);